photoUrl,LongName,playerUrl,Nationality,Positions,Name,Age,↓OVA,POT,Team & Contract,ID,Height,Weight,foot,BOV,BP,Growth,Joined,Loan Date End,Value,Wage,Release Clause,Attacking,Crossing,Finishing,Heading Accuracy,Short Passing,Volleys,Skill,Dribbling,Curve,FK Accuracy,Long Passing,Ball Control,Movement,Acceleration,Sprint Speed,Agility,Reactions,Balance,Power,Shot Power,Jumping,Stamina,Strength,Long Shots,Mentality,Aggression,Interceptions,Positioning,Vision,Penalties,Composure,Defending,Marking,Standing Tackle,Sliding Tackle,Goalkeeping,GK Diving,GK Handling,GK Kicking,GK Positioning,GK Reflexes,Total Stats,Base Stats,W/F,SM,A/W,D/W,IR,PAC,SHO,PAS,DRI,DEF,PHY,Hits
https://cdn.sofifa.com/players/158/023/21_60.png,Lionel Messi,http://sofifa.com/player/158023/lionel-messi/210005/,Argentina,RW ST CF,L. Messi,33,93,93,"



FC Barcelona
2004 ~ 2021

",158023,"5'7""",159lbs,Left,93,RW,0,"Jul 1, 2004",N/A,€67.5M,€560K,€138.4M,429,85,95,70,91,88,470,96,93,94,91,96,451,91,80,91,94,95,389,86,68,72,69,94,347,44,40,93,95,75,96,91,32,35,24,54,6,11,15,14,8,2231,466,4 ★,4★,Medium,Low,5 ★,85,92,91,95,38,65,"
372"
https://cdn.sofifa.com/players/020/801/21_60.png,C. Ronaldo dos Santos Aveiro,http://sofifa.com/player/20801/c-ronaldo-dos-santos-aveiro/210005/,Portugal,ST LW,Cristiano Ronaldo,35,92,92,"



Juventus
2018 ~ 2022

",20801,"6'2""",183lbs,Right,92,ST,0,"Jul 10, 2018",N/A,€46M,€220K,€75.9M,437,84,95,90,82,86,414,88,81,76,77,92,431,87,91,87,95,71,444,94,95,84,78,93,353,63,29,95,82,84,95,84,28,32,24,58,7,11,15,14,11,2221,464,4 ★,5★,High,Low,5 ★,89,93,81,89,35,77,"
344"
https://cdn.sofifa.com/players/200/389/21_60.png,Jan Oblak,http://sofifa.com/player/200389/jan-oblak/210005/,Slovenia,GK,J. Oblak,27,91,93,"



Atlético Madrid
2014 ~ 2023

",200389,"6'2""",192lbs,Right,91,GK,2,"Jul 16, 2014",N/A,€75M,€125K,€159.4M,95,13,11,15,43,13,109,12,13,14,40,30,307,43,60,67,88,49,268,59,78,41,78,12,140,34,19,11,65,11,68,57,27,12,18,437,87,92,78,90,90,1413,489,3 ★,1★,Medium,Medium,3 ★,87,92,78,90,52,90,"
86"
https://cdn.sofifa.com/players/192/985/21_60.png,Kevin De Bruyne,http://sofifa.com/player/192985/kevin-de-bruyne/210005/,Belgium,CAM CM,K. De Bruyne,29,91,91,"



Manchester City
2015 ~ 2023

",192985,"5'11""",154lbs,Right,91,CAM,0,"Aug 30, 2015",N/A,€87M,€370K,€161M,407,94,82,55,94,82,441,88,85,83,93,92,398,77,76,78,91,76,408,91,63,89,74,91,408,76,66,88,94,84,91,186,68,65,53,56,15,13,5,10,13,2304,485,5 ★,4★,High,High,4 ★,76,86,93,88,64,78,"
163"
https://cdn.sofifa.com/players/190/871/21_60.png,Neymar da Silva Santos Jr.,http://sofifa.com/player/190871/neymar-da-silva-santos-jr/210005/,Brazil,LW CAM,Neymar Jr,28,91,91,"



Paris Saint-Germain
2017 ~ 2022

",190871,"5'9""",150lbs,Right,91,LW,0,"Aug 3, 2017",N/A,€90M,€270K,€166.5M,408,85,87,62,87,87,448,95,88,89,81,95,453,94,89,96,91,83,357,80,62,81,50,84,356,51,36,87,90,92,93,94,35,30,29,59,9,9,15,15,11,2175,451,5 ★,5★,High,Medium,5 ★,91,85,86,94,36,59,"
273"
https://cdn.sofifa.com/players/188/545/21_60.png,Robert Lewandowski,http://sofifa.com/player/188545/robert-lewandowski/210005/,Poland,ST,R. Lewandowski,31,91,91,"



FC Bayern München
2014 ~ 2023

",188545,"6'0""",176lbs,Right,91,ST,0,"Jul 1, 2014",N/A,€80M,€240K,€132M,423,71,94,85,84,89,407,85,79,85,70,88,407,77,78,77,93,82,420,89,84,76,86,85,391,81,49,94,79,88,88,96,35,42,19,51,15,6,12,8,10,2195,457,4 ★,4★,High,Medium,4 ★,78,91,78,85,43,82,"
182"
https://cdn.sofifa.com/players/231/747/21_60.png,Kylian Mbappé,http://sofifa.com/player/231747/kylian-mbappe/210005/,France,ST LW RW,K. Mbappé,21,90,95,"



Paris Saint-Germain
2018 ~ 2022

",231747,"5'10""",161lbs,Right,91,ST,5,"Jul 1, 2018",N/A,€105.5M,€160K,€203.1M,408,78,91,73,83,83,394,92,79,63,70,90,458,96,96,92,92,82,404,86,77,86,76,79,341,62,38,91,80,70,84,100,34,34,32,42,13,5,7,11,6,2147,466,4 ★,5★,High,Low,3 ★,96,86,78,91,39,76,"
646"
https://cdn.sofifa.com/players/212/831/21_60.png,Alisson Ramses Becker,http://sofifa.com/player/212831/alisson-ramses-becker/210005/,Brazil,GK,Alisson,27,90,91,"



Liverpool
2018 ~ 2024

",212831,"6'3""",201lbs,Right,90,GK,1,"Jul 19, 2018",N/A,€62.5M,€160K,€120.3M,114,17,13,19,45,20,138,27,19,18,44,30,268,56,47,40,88,37,240,64,52,32,78,14,140,27,11,13,66,23,65,50,15,19,16,439,86,88,85,91,89,1389,490,3 ★,1★,Medium,Medium,3 ★,86,88,85,89,51,91,"
79"
https://cdn.sofifa.com/players/209/331/21_60.png,Mohamed Salah,http://sofifa.com/player/209331/mohamed-salah/210005/,Egypt,RW,M. Salah,28,90,90,"



Liverpool
2017 ~ 2023

",209331,"5'9""",157lbs,Left,90,RW,0,"Jul 1, 2017",N/A,€78M,€250K,€144.3M,392,79,91,59,84,79,406,90,83,69,75,89,460,94,92,91,92,91,393,80,69,85,75,84,376,63,55,91,84,83,90,122,38,43,41,62,14,14,9,11,14,2211,470,3 ★,4★,High,Medium,3 ★,93,86,81,90,45,75,"
164"
https://cdn.sofifa.com/players/208/722/21_60.png,Sadio Mané,http://sofifa.com/player/208722/sadio-mane/210005/,Senegal,LW,S. Mané,28,90,90,"



Liverpool
2016 ~ 2023

",208722,"5'9""",152lbs,Right,90,LW,0,"Jul 1, 2016",N/A,€78M,€250K,€144.3M,410,76,90,84,85,75,391,91,76,64,71,89,460,95,93,93,93,86,406,84,86,88,70,78,358,75,35,92,85,71,84,122,42,42,38,56,10,10,15,7,14,2203,469,4 ★,4★,High,Medium,3 ★,94,85,80,90,44,76,"
170"
https://cdn.sofifa.com/players/203/376/21_60.png,Virgil van Dijk,http://sofifa.com/player/203376/virgil-van-dijk/210005/,Netherlands,CB,V. van Dijk,28,90,91,"



Liverpool
2018 ~ 2023

",203376,"6'4""",203lbs,Right,90,CB,1,"Jan 1, 2018",N/A,€75.5M,€210K,€145.3M,316,53,52,87,79,45,363,70,60,70,86,77,354,72,79,61,89,53,402,81,90,75,92,64,347,83,90,47,65,62,90,272,93,93,86,58,13,10,13,11,11,2112,455,3 ★,2★,Medium,Medium,3 ★,76,60,71,71,91,86,"
170"
https://cdn.sofifa.com/players/192/448/21_60.png,Marc-André ter Stegen,http://sofifa.com/player/192448/marc-andre-ter-stegen/210005/,Germany,GK,M. ter Stegen,28,90,93,"



FC Barcelona
2014 ~ 2022

",192448,"6'2""",187lbs,Right,90,GK,3,"Jul 1, 2014",N/A,€69.5M,€260K,€147.7M,118,18,14,11,61,14,144,21,18,12,63,30,254,38,50,37,86,43,268,66,79,35,78,10,171,43,22,11,70,25,70,48,25,13,10,439,88,85,88,88,90,1442,484,4 ★,1★,Medium,Medium,3 ★,88,85,88,90,45,88,"
93"
https://cdn.sofifa.com/players/200/145/21_60.png,Carlos Henrique Venancio Casimiro,http://sofifa.com/player/200145/carlos-henrique-venancio-casimiro/210005/,Brazil,CDM,Casemiro,28,89,89,"



Real Madrid
2013 ~ 2023

",200145,"6'1""",185lbs,Right,89,CDM,0,"Jul 11, 2013",N/A,€59.5M,€310K,€122M,349,58,64,80,84,63,369,69,63,74,84,79,343,60,69,61,87,66,437,88,87,90,91,81,396,91,87,72,80,66,84,259,84,88,87,67,13,14,16,12,12,2220,463,3 ★,2★,High,High,3 ★,65,73,76,72,86,91,"
131"
https://cdn.sofifa.com/players/192/119/21_60.png,Thibaut Courtois,http://sofifa.com/player/192119/thibaut-courtois/210005/,Belgium,GK,T. Courtois,28,89,90,"



Real Madrid
2018 ~ 2024

",192119,"6'6""",212lbs,Left,89,GK,1,"Aug 9, 2018",N/A,€56M,€250K,€119M,86,14,14,13,33,12,110,13,19,20,35,23,284,42,52,61,84,45,249,56,68,38,70,17,122,23,15,13,44,27,66,54,20,18,16,420,84,89,74,85,88,1325,468,3 ★,1★,Medium,Medium,4 ★,84,89,74,88,48,85,"
89"
https://cdn.sofifa.com/players/167/495/21_60.png,Manuel Neuer,http://sofifa.com/player/167495/manuel-neuer/210005/,Germany,GK,M. Neuer,34,89,89,"



FC Bayern München
2011 ~ 2023

",167495,"6'4""",203lbs,Right,89,GK,0,"Jul 1, 2011",N/A,€29M,€125K,€47.9M,119,15,13,25,55,11,160,30,14,11,59,46,286,54,60,51,86,35,284,68,77,43,80,16,188,29,30,12,70,47,70,38,17,10,11,440,87,87,91,86,89,1515,497,4 ★,1★,Medium,Medium,5 ★,87,87,91,89,57,86,"
90"
https://cdn.sofifa.com/players/165/153/21_60.png,Karim Benzema,http://sofifa.com/player/165153/karim-benzema/210005/,France,CF ST,K. Benzema,32,89,89,"



Real Madrid
2009 ~ 2022

",165153,"6'1""",179lbs,Right,89,CF,0,"Jul 9, 2009",N/A,€53M,€350K,€108.7M,426,75,88,91,86,86,404,87,81,73,73,90,388,77,72,79,91,69,400,84,79,78,80,79,363,63,39,90,87,84,90,89,47,24,18,41,13,11,5,5,7,2111,442,4 ★,4★,Medium,Low,4 ★,74,85,81,86,40,76,"
169"
https://cdn.sofifa.com/players/155/862/21_60.png,Sergio Ramos García,http://sofifa.com/player/155862/sergio-ramos-garcia/210005/,Spain,CB,Sergio Ramos,34,89,89,"



Real Madrid
2005 ~ 2021

",155862,"6'0""",181lbs,Right,89,CB,0,"Aug 1, 2005",N/A,€24.5M,€300K,€50.2M,374,66,65,92,82,69,381,65,74,76,83,83,378,72,70,78,92,66,402,79,93,81,85,64,414,90,88,73,71,92,88,263,85,88,90,46,11,8,9,7,11,2258,463,3 ★,3★,High,Medium,4 ★,71,70,76,73,88,85,"
187"
https://cdn.sofifa.com/players/153/079/21_60.png,Sergio Agüero,http://sofifa.com/player/153079/sergio-aguero/210005/,Argentina,ST,S. Agüero,32,89,89,"



Manchester City
2011 ~ 2021

",153079,"5'8""",154lbs,Right,89,ST,0,"Jul 28, 2011",N/A,€53M,€300K,€98.1M,411,70,94,78,83,86,397,88,83,73,64,89,424,79,78,84,92,91,403,89,78,78,74,84,341,65,24,94,83,75,91,83,30,29,24,59,13,15,6,11,14,2118,439,4 ★,4★,High,Medium,4 ★,78,90,77,88,33,73,"
103"
https://cdn.sofifa.com/players/215/914/21_60.png,N'Golo Kanté,http://sofifa.com/player/215914/ngolo-kante/210005/,France,CDM CM,N. Kanté,29,88,88,"



Chelsea
2016 ~ 2023

",215914,"5'6""",154lbs,Right,88,CDM,0,"Jul 16, 2016",N/A,€51M,€190K,€96.9M,328,68,65,54,85,56,336,79,49,49,79,80,420,79,76,82,91,92,381,71,77,96,72,65,386,90,91,72,79,54,85,264,89,90,85,54,15,12,10,7,10,2169,468,3 ★,2★,Medium,High,3 ★,77,66,76,81,86,82,"
169"
https://cdn.sofifa.com/players/212/622/21_60.png,Joshua Kimmich,http://sofifa.com/player/212622/joshua-kimmich/210005/,Germany,CDM RB,J. Kimmich,25,88,90,"



FC Bayern München
2015 ~ 2023

",212622,"5'9""",161lbs,Right,88,CDM,2,"Jul 1, 2015",N/A,€65M,€145K,€112.1M,383,91,66,72,87,67,400,83,85,61,86,85,399,77,66,84,88,84,403,78,79,95,67,84,379,89,82,80,84,44,85,245,82,84,79,60,8,15,7,15,15,2269,473,4 ★,3★,High,Medium,3 ★,71,72,86,84,81,79,"
317"
https://cdn.sofifa.com/players/211/110/21_60.png,Paulo Dybala,http://sofifa.com/player/211110/paulo-dybala/210005/,Argentina,CF CAM,P. Dybala,26,88,89,"



Juventus
2015 ~ 2022

",211110,"5'10""",165lbs,Left,89,CAM,1,"Jul 1, 2015",N/A,€71M,€190K,€122.5M,405,82,84,64,87,88,436,91,88,88,75,94,437,89,82,92,84,90,382,82,75,78,60,87,348,48,42,85,87,86,84,120,32,48,40,26,5,4,4,5,8,2154,452,3 ★,4★,Medium,Medium,3 ★,85,85,84,92,43,63,"
239"
https://cdn.sofifa.com/players/210/257/21_60.png,Ederson Santana de Moraes,http://sofifa.com/player/210257/ederson-santana-de-moraes/210005/,Brazil,GK,Ederson,26,88,91,"



Manchester City
2017 ~ 2024

",210257,"6'2""",190lbs,Left,88,GK,3,"Jul 1, 2017",N/A,€53.5M,€195K,€103M,123,20,14,14,57,18,157,23,15,20,59,40,322,64,63,60,87,48,273,70,66,41,78,18,172,38,27,20,70,17,70,52,29,15,8,435,86,82,93,86,88,1534,498,3 ★,1★,Medium,Medium,2 ★,86,82,93,88,63,86,"
56"
https://cdn.sofifa.com/players/202/652/21_60.png,Raheem Sterling,http://sofifa.com/player/202652/raheem-sterling/210005/,England,LW RW,R. Sterling,25,88,90,"



Manchester City
2015 ~ 2023

",202652,"5'7""",152lbs,Right,88,LW,2,"Jul 14, 2015",N/A,€72.5M,€270K,€139.6M,360,78,85,46,84,67,387,90,77,63,69,88,464,96,90,94,90,94,358,78,57,79,65,79,332,59,30,92,82,69,80,147,47,53,47,63,15,12,12,15,9,2111,455,3 ★,4★,High,Medium,3 ★,93,81,79,90,45,67,"
130"
https://cdn.sofifa.com/players/202/126/21_60.png,Harry Kane,http://sofifa.com/player/202126/harry-kane/210005/,England,ST,H. Kane,26,88,89,"



Tottenham Hotspur
2010 ~ 2024

",202126,"6'2""",196lbs,Right,88,ST,1,"Jul 1, 2010",N/A,€71M,€220K,€140.2M,420,75,94,85,81,85,395,80,80,68,83,84,367,66,69,69,90,73,424,91,79,84,84,86,382,81,35,93,83,90,91,130,56,36,38,54,8,10,11,14,11,2172,449,4 ★,3★,High,High,3 ★,68,91,80,80,47,83,"
229"
https://cdn.sofifa.com/players/201/024/21_60.png,Kalidou Koulibaly,http://sofifa.com/player/201024/kalidou-koulibaly/210005/,Senegal,CB,K. Koulibaly,29,88,88,"



Napoli
2014 ~ 2023

",201024,"6'2""",196lbs,Right,88,CB,0,"Jul 1, 2014",N/A,€50M,€140K,€85M,224,30,22,84,74,14,262,69,28,28,63,74,328,73,77,52,85,41,316,55,82,70,94,15,294,87,87,35,52,33,82,267,91,89,87,43,7,11,7,13,5,1734,401,3 ★,2★,Medium,High,3 ★,75,28,55,68,89,86,"
124"
https://cdn.sofifa.com/players/183/277/21_60.png,Eden Hazard,http://sofifa.com/player/183277/eden-hazard/210005/,Belgium,LW ST,E. Hazard,29,88,88,"



Real Madrid
2019 ~ 2024

",183277,"5'9""",163lbs,Right,88,LW,0,"Jul 1, 2019",N/A,€58M,€350K,€118.9M,388,77,82,61,85,83,427,93,83,79,81,91,448,91,86,92,86,93,361,82,56,82,63,78,353,54,41,85,86,87,90,83,34,27,22,45,11,12,6,8,8,2105,446,4 ★,4★,High,Medium,4 ★,88,82,83,92,35,66,"
172"
https://cdn.sofifa.com/players/182/521/21_60.png,Toni Kroos,http://sofifa.com/player/182521/toni-kroos/210005/,Germany,CM,T. Kroos,30,88,88,"



Real Madrid
2014 ~ 2023

",182521,"6'0""",168lbs,Right,88,CM,0,"Jul 17, 2014",N/A,€55M,€310K,€112.8M,397,88,76,58,93,82,432,80,86,84,93,89,332,57,52,63,89,71,355,89,32,75,73,86,378,60,79,76,90,73,88,205,72,73,60,51,10,11,13,7,10,2150,447,5 ★,3★,Medium,Medium,4 ★,54,81,91,81,71,69,"
114"
https://cdn.sofifa.com/players/162/835/21_60.png,Samir Handanovič,http://sofifa.com/player/162835/samir-handanovic/210005/,Slovenia,GK,S. Handanovič,35,88,88,"



Inter
2012 ~ 2021

",162835,"6'4""",203lbs,Right,88,GK,0,"Jul 1, 2012",N/A,€16M,€100K,€27.2M,86,12,10,10,42,12,100,18,12,14,40,16,272,51,55,47,83,36,264,55,78,41,71,19,123,25,22,12,41,23,69,48,25,10,13,424,88,85,73,89,89,1317,477,3 ★,1★,Medium,Medium,3 ★,88,85,73,89,53,89,"
46"
https://cdn.sofifa.com/players/233/049/21_60.png,Jadon Sancho,http://sofifa.com/player/233049/jadon-sancho/210005/,England,RM LM CAM,J. Sancho,20,87,93,"



Borussia Dortmund
2017 ~ 2023

",233049,"5'11""",168lbs,Right,89,CAM,6,"Aug 31, 2017",N/A,€69.5M,€82K,€132.1M,373,83,81,38,88,83,380,92,81,48,68,91,435,86,81,91,87,90,328,70,51,77,67,63,313,44,39,83,87,60,84,105,32,41,32,52,7,11,10,11,13,1986,430,3 ★,5★,High,Medium,3 ★,83,74,81,91,37,64,"
663"
https://cdn.sofifa.com/players/231/281/21_60.png,Trent Alexander-Arnold,http://sofifa.com/player/231281/trent-alexander-arnold/210005/,England,RB,T. Alexander-Arnold,21,87,92,"



Liverpool
2015 ~ 2024

",231281,"5'11""",152lbs,Right,87,RB,5,"Oct 7, 2015",N/A,€60M,€110K,€115.5M,365,93,56,69,85,62,426,77,88,85,89,87,391,77,83,74,83,74,370,80,66,88,62,74,371,74,82,76,84,55,81,241,79,83,79,56,14,15,14,6,7,2220,464,4 ★,3★,High,Medium,2 ★,80,66,87,80,80,71,"
479"
https://cdn.sofifa.com/players/218/667/21_60.png,Bernardo Mota Carvalho e Silva,http://sofifa.com/player/218667/bernardo-mota-carvalho-e-silva/210005/,Portugal,RW CAM CM,Bernardo Silva,25,87,88,"



Manchester City
2017 ~ 2025

",218667,"5'8""",141lbs,Left,87,RW,1,"Jul 1, 2017",N/A,€60M,€230K,€115.5M,371,85,79,51,86,70,411,92,84,67,76,92,434,85,78,94,85,92,350,76,51,93,54,76,356,69,49,85,85,68,87,148,49,59,40,54,9,10,14,12,9,2124,451,3 ★,4★,High,High,2 ★,81,77,83,92,51,67,"
203"
https://cdn.sofifa.com/players/216/267/21_60.png,Andrew Robertson,http://sofifa.com/player/216267/andrew-robertson/210005/,Scotland,LB,A. Robertson,26,87,89,"



Liverpool
2017 ~ 2024

",216267,"5'10""",141lbs,Left,87,LB,2,"Jul 21, 2017",N/A,€53M,€155K,€102M,328,90,57,67,82,32,358,80,82,38,76,82,400,79,85,78,84,74,365,78,62,95,65,65,378,85,82,77,79,55,83,248,83,84,81,50,11,8,10,7,14,2127,461,2 ★,3★,High,High,3 ★,82,62,80,80,81,76,"
198"
https://cdn.sofifa.com/players/212/218/21_60.png,Aymeric Laporte,http://sofifa.com/player/212218/aymeric-laporte/210005/,France,CB,A. Laporte,26,87,90,"



Manchester City
2018 ~ 2024

",212218,"6'2""",187lbs,Left,88,CB,3,"Jan 30, 2018",N/A,€56M,€200K,€107.8M,311,58,45,86,82,40,351,63,61,69,80,78,331,60,65,59,87,60,348,68,76,72,85,47,331,81,87,54,65,44,85,266,89,89,88,45,10,11,5,14,5,1983,422,3 ★,2★,Medium,Medium,2 ★,63,50,72,68,88,81,"
122"
https://cdn.sofifa.com/players/212/198/21_60.png,Bruno Miguel Borges Fernandes,http://sofifa.com/player/212198/bruno-miguel-borges-fernandes/210005/,Portugal,CAM CM,Bruno Fernandes,25,87,90,"



Manchester United
2020 ~ 2025

",212198,"5'10""",152lbs,Right,88,CAM,3,"Jan 30, 2020",N/A,€63M,€195K,€124.4M,396,87,77,58,88,86,433,85,86,87,87,88,398,78,76,79,86,79,411,89,72,94,67,89,408,70,74,83,90,91,86,194,72,67,55,63,12,14,15,8,14,2303,476,4 ★,4★,High,High,2 ★,77,83,88,85,68,75,"
565"
https://cdn.sofifa.com/players/209/499/21_60.png,Fábio Henrique Tavares,http://sofifa.com/player/209499/fabio-henrique-tavares/210005/,Brazil,CDM,Fabinho,26,87,89,"



Liverpool
2018 ~ 2023

",209499,"6'2""",172lbs,Right,87,CDM,2,"Jul 1, 2018",N/A,€54.5M,€155K,€104.9M,345,75,63,75,85,47,365,76,71,53,83,82,349,66,68,66,84,65,395,81,75,88,81,70,412,86,87,70,79,90,84,258,86,87,85,47,13,12,6,8,8,2171,460,2 ★,3★,Medium,High,3 ★,67,69,79,77,85,83,"
152"
https://cdn.sofifa.com/players/201/942/21_60.png,Roberto Firmino Barbosa de Oliveira,http://sofifa.com/player/201942/roberto-firmino-barbosa-de-oliveira/210005/,Brazil,CF,Roberto Firmino,28,87,87,"



Liverpool
2015 ~ 2023

",201942,"5'11""",168lbs,Right,87,CF,0,"Jul 6, 2015",N/A,€52M,€190K,€96.2M,400,73,80,75,87,85,403,90,81,65,76,91,416,78,77,85,90,86,402,82,81,88,74,77,377,75,58,86,86,72,88,166,60,64,42,44,8,11,9,6,10,2208,467,4 ★,5★,High,High,3 ★,77,80,81,90,61,78,"
140"
https://cdn.sofifa.com/players/200/104/21_60.png,Heung Min Son,http://sofifa.com/player/200104/heung-min-son/210005/,Korea Republic,LM CF,H. Son,27,87,87,"



Tottenham Hotspur
2015 ~ 2023

",200104,"6'0""",172lbs,Right,87,LM,0,"Aug 28, 2015",N/A,€52.5M,€165K,€99.8M,399,81,86,68,83,81,400,88,85,70,70,87,429,86,90,86,89,78,385,88,56,87,64,90,345,62,39,88,83,73,88,117,50,34,33,53,11,13,13,6,10,2128,453,5 ★,4★,High,High,3 ★,88,86,80,87,43,69,"
276"
https://cdn.sofifa.com/players/194/765/21_60.png,Antoine Griezmann,http://sofifa.com/player/194765/antoine-griezmann/210005/,France,ST CF LW,A. Griezmann,29,87,87,"



FC Barcelona
2019 ~ 2024

",194765,"5'9""",161lbs,Left,87,ST,0,"Jul 12, 2019",N/A,€50.5M,€290K,€103.5M,425,83,88,83,84,87,429,87,86,85,82,89,425,80,79,91,92,83,402,81,90,86,63,82,382,73,49,89,85,86,89,162,59,54,49,63,14,8,14,13,14,2288,465,3 ★,4★,Medium,Medium,4 ★,79,85,84,88,57,72,"
209"
https://cdn.sofifa.com/players/193/041/21_60.png,Keylor Navas,http://sofifa.com/player/193041/keylor-navas/210005/,Costa Rica,GK,K. Navas,33,87,87,"



Paris Saint-Germain
2019 ~ 2023

",193041,"6'1""",176lbs,Right,87,GK,0,"Sep 2, 2019",N/A,€27M,€110K,€50M,78,11,15,11,30,11,98,16,11,15,37,19,312,54,53,60,84,61,257,56,74,39,75,13,161,32,20,16,68,25,67,56,28,14,14,418,90,81,75,82,90,1380,471,3 ★,1★,Medium,Medium,3 ★,90,81,75,90,53,82,"
25"
https://cdn.sofifa.com/players/192/387/21_60.png,Ciro Immobile,http://sofifa.com/player/192387/ciro-immobile/210005/,Italy,ST,C. Immobile,30,87,87,"



Lazio
2016 ~ 2025

",192387,"6'1""",187lbs,Right,87,ST,0,"Jul 27, 2016",N/A,€48.5M,€125K,€82.5M,394,55,93,81,80,85,341,83,70,51,53,84,409,82,85,75,90,77,398,86,77,78,77,80,369,77,40,93,71,88,86,99,34,33,32,47,6,8,15,12,6,2057,438,4 ★,3★,High,Medium,3 ★,84,88,67,83,39,77,"
136"
https://cdn.sofifa.com/players/189/511/21_60.png,Sergio Busquets Burgos,http://sofifa.com/player/189511/sergio-busquets-burgos/210005/,Spain,CDM CM,Sergio Busquets,31,87,87,"



FC Barcelona
2008 ~ 2023

",189511,"6'2""",168lbs,Right,87,CDM,0,"Sep 1, 2008",N/A,€38M,€240K,€77.9M,330,62,67,68,89,44,386,81,66,68,83,88,284,40,43,67,84,50,337,61,66,81,75,54,387,81,85,77,84,60,93,249,86,83,80,48,5,8,13,9,13,2021,424,3 ★,3★,Medium,Medium,4 ★,42,62,80,80,83,77,"
109"
https://cdn.sofifa.com/players/188/567/21_60.png,Pierre-Emerick Aubameyang,http://sofifa.com/player/188567/pierre-emerick-aubameyang/210005/,Gabon,ST LW,P. Aubameyang,31,87,87,"



Arsenal
2018 ~ 2023

",188567,"6'2""",176lbs,Right,87,ST,0,"Jan 31, 2018",N/A,€45M,€170K,€85.5M,403,76,91,75,77,84,383,80,81,76,64,82,418,91,94,77,88,68,389,82,75,80,74,78,339,43,48,93,77,78,88,92,27,29,36,48,6,9,15,9,9,2072,441,4 ★,4★,High,High,3 ★,93,86,75,80,38,69,"
139"
https://cdn.sofifa.com/players/186/153/21_60.png,Wojciech Szczęsny,http://sofifa.com/player/186153/wojciech-szczesny/210005/,Poland,GK,W. Szczęsny,30,87,87,"



Juventus
2017 ~ 2024

",186153,"6'5""",198lbs,Right,87,GK,0,"Jul 19, 2017",N/A,€34M,€105K,€56.1M,86,12,12,16,32,14,99,11,16,14,36,22,286,51,47,55,82,51,250,55,71,45,65,14,135,40,15,14,48,18,65,45,20,13,12,416,86,82,73,87,88,1317,465,3 ★,1★,Medium,Medium,3 ★,86,82,73,88,49,87,"
42"
https://cdn.sofifa.com/players/183/898/21_60.png,Ángel Di María,http://sofifa.com/player/183898/angel-di-maria/210005/,Argentina,RW LW,A. Di María,32,87,87,"



Paris Saint-Germain
2015 ~ 2021

",183898,"5'11""",152lbs,Left,87,RW,0,"Aug 6, 2015",N/A,€39M,€160K,€72.2M,379,88,79,51,83,78,432,88,89,88,80,87,419,82,83,94,84,76,379,83,72,78,60,86,360,73,42,84,88,73,86,148,41,55,52,51,10,7,11,12,11,2168,453,2 ★,5★,High,Medium,4 ★,83,81,85,88,48,68,"
99"
https://cdn.sofifa.com/players/177/003/21_60.png,Luka Modrić,http://sofifa.com/player/177003/luka-modric/210005/,Croatia,CM,L. Modrić,34,87,87,"



Real Madrid
2012 ~ 2021

",177003,"5'8""",146lbs,Right,87,CM,0,"Aug 1, 2012",N/A,€24.5M,€260K,€50.2M,380,86,72,55,91,76,427,85,85,78,89,90,417,76,70,91,88,92,371,79,68,84,58,82,391,62,79,78,90,82,92,214,68,75,71,52,13,9,7,14,9,2252,463,4 ★,4★,High,Medium,4 ★,73,76,89,88,71,66,"
137"
https://cdn.sofifa.com/players/176/580/21_60.png,Luis Suárez,http://sofifa.com/player/176580/luis-suarez/210005/,Uruguay,ST,L. Suárez,33,87,87,"



Atlético Madrid
2020 ~ 2022

",176580,"6'0""",183lbs,Right,87,ST,0,"Sep 25, 2020",N/A,€31.5M,€115K,€64.6M,429,80,92,84,83,90,413,84,86,82,77,84,386,72,68,76,92,78,409,89,69,78,85,88,386,87,41,91,84,83,85,140,57,45,38,153,27,25,31,33,37,2316,459,4 ★,3★,High,Medium,5 ★,70,90,82,83,51,83,"
166"
https://cdn.sofifa.com/players/167/948/21_60.png,Hugo Lloris,http://sofifa.com/player/167948/hugo-lloris/210005/,France,GK,H. Lloris,33,87,87,"



Tottenham Hotspur
2012 ~ 2022

",167948,"6'2""",181lbs,Left,87,GK,0,"Aug 31, 2012",N/A,€27M,€125K,€51.3M,94,13,10,10,50,11,115,10,11,10,50,34,321,65,62,55,85,54,223,51,74,41,43,14,138,31,27,10,30,40,65,57,29,10,18,413,89,82,68,84,90,1361,476,1 ★,1★,Medium,Medium,4 ★,89,82,68,90,63,84,"
56"
https://cdn.sofifa.com/players/138/956/21_60.png,Giorgio Chiellini,http://sofifa.com/player/138956/giorgio-chiellini/210005/,Italy,CB,G. Chiellini,35,87,87,"



Juventus
2005 ~ 2021

",138956,"6'2""",187lbs,Left,87,CB,0,"Jul 1, 2005",N/A,€15.5M,€94K,€25.6M,280,54,33,83,65,45,276,59,60,31,65,61,326,60,70,57,82,57,355,78,87,54,87,49,306,90,88,28,50,50,84,272,94,90,88,15,3,3,2,4,3,1830,399,3 ★,2★,Medium,High,4 ★,66,46,58,60,90,79,"
80"
https://cdn.sofifa.com/players/208/830/21_60.png,Jamie Vardy,http://sofifa.com/player/208830/jamie-vardy/210005/,England,ST,J. Vardy,33,86,86,"



Leicester City
2012 ~ 2023

",208830,"5'10""",163lbs,Right,86,ST,0,"May 1, 2012",N/A,€28M,€160K,€53.2M,390,68,92,79,69,82,330,77,67,57,48,81,414,90,87,72,90,75,378,87,79,79,68,65,385,87,49,92,73,84,87,160,57,50,53,62,15,14,7,15,11,2119,447,3 ★,3★,High,High,3 ★,88,85,66,78,55,75,"
104"
https://cdn.sofifa.com/players/204/963/21_60.png,Daniel Carvajal Ramos,http://sofifa.com/player/204963/daniel-carvajal-ramos/210005/,Spain,RB,Carvajal,28,86,86,"



Real Madrid
2013 ~ 2022

",204963,"5'8""",161lbs,Right,86,RB,0,"Jul 5, 2013",N/A,€38M,€230K,€77.9M,339,84,51,72,83,49,359,78,76,47,74,84,403,79,80,79,84,81,355,68,77,89,74,47,361,84,83,75,74,45,82,251,83,83,85,65,13,13,15,9,15,2133,454,3 ★,3★,High,High,3 ★,80,54,78,80,82,80,"
89"
https://cdn.sofifa.com/players/201/535/21_60.png,Raphaël Varane,http://sofifa.com/player/201535/raphael-varane/210005/,France,CB,R. Varane,27,86,88,"



Real Madrid
2011 ~ 2022

",201535,"6'3""",179lbs,Right,87,CB,2,"Jul 1, 2011",N/A,€46.5M,€220K,€98.8M,293,42,46,85,78,42,309,55,46,52,77,79,351,79,85,62,86,39,347,52,81,75,86,53,321,80,87,52,59,43,83,262,89,87,86,50,11,11,9,5,14,1933,428,3 ★,2★,Medium,High,3 ★,82,49,64,64,87,82,"
150"
https://cdn.sofifa.com/players/199/556/21_60.png,Marco Verratti,http://sofifa.com/player/199556/marco-verratti/210005/,Italy,CM CDM,M. Verratti,27,86,87,"



Paris Saint-Germain
2012 ~ 2024

",199556,"5'5""",132lbs,Right,86,CM,1,"Jul 18, 2012",N/A,€50M,€135K,€96.3M,344,75,60,55,90,64,411,90,78,64,89,90,401,68,61,91,87,94,308,56,65,76,53,58,397,89,85,71,88,64,94,243,78,82,83,64,12,12,15,15,10,2168,445,4 ★,4★,Medium,High,3 ★,64,60,85,90,79,67,"
112"
https://cdn.sofifa.com/players/195/864/21_60.png,Paul Pogba,http://sofifa.com/player/195864/paul-pogba/210005/,France,CM CDM,P. Pogba,27,86,87,"



Manchester United
2016 ~ 2021

",195864,"6'3""",185lbs,Right,86,CM,1,"Aug 9, 2016",N/A,€50M,€190K,€98.8M,400,80,75,75,86,84,435,87,85,82,91,90,365,66,79,73,81,66,426,90,82,83,89,82,394,78,64,81,88,83,87,195,63,67,65,20,5,6,2,4,3,2235,476,4 ★,5★,High,Medium,4 ★,73,81,86,85,66,85,"
285"
https://cdn.sofifa.com/players/193/080/21_60.png,David De Gea Quintana,http://sofifa.com/player/193080/david-de-gea-quintana/210005/,Spain,GK,De Gea,29,86,86,"



Manchester United
2011 ~ 2023

",193080,"6'4""",181lbs,Right,86,GK,0,"Jul 1, 2011",N/A,€31.5M,€150K,€59.9M,114,17,13,21,50,13,143,18,21,19,47,38,304,57,58,63,83,43,241,59,67,43,60,12,170,38,30,12,61,29,65,59,25,21,13,418,88,81,78,82,89,1449,476,3 ★,1★,Medium,Medium,4 ★,88,81,78,89,58,82,"
133"
https://cdn.sofifa.com/players/189/596/21_60.png,Thomas Müller,http://sofifa.com/player/189596/thomas-muller/210005/,Germany,CAM RM RW,T. Müller,30,86,86,"



FC Bayern München
2008 ~ 2023

",189596,"6'1""",165lbs,Right,86,CAM,0,"Aug 10, 2008",N/A,€42M,€130K,€69.3M,419,85,85,81,84,84,375,75,81,59,78,82,374,68,68,73,94,71,388,78,77,86,66,81,359,62,58,94,85,60,84,150,47,57,46,52,6,7,11,14,14,2117,437,4 ★,3★,High,High,4 ★,68,82,82,78,56,71,"
96"
https://cdn.sofifa.com/players/189/332/21_60.png,Jordi Alba Ramos,http://sofifa.com/player/189332/jordi-alba-ramos/210005/,Spain,LB,Jordi Alba,31,86,86,"



FC Barcelona
2012 ~ 2024

",189332,"5'7""",150lbs,Left,86,LB,0,"Jul 1, 2012",N/A,€32M,€220K,€65.6M,372,85,73,70,84,60,387,81,80,63,79,84,433,88,88,90,82,85,359,64,80,88,61,66,377,76,81,83,78,59,80,236,74,80,82,60,13,15,13,6,13,2224,471,3 ★,3★,High,Medium,3 ★,88,69,81,83,78,72,"
69"
https://cdn.sofifa.com/players/183/711/21_60.png,Jordan Henderson,http://sofifa.com/player/183711/jordan-henderson/210005/,England,CDM CM,J. Henderson,30,86,86,"



Liverpool
2011 ~ 2023

",183711,"6'0""",176lbs,Right,86,CDM,0,"Jun 9, 2011",N/A,€36.5M,€140K,€67.5M,377,82,73,65,86,71,403,78,80,74,87,84,354,66,65,69,86,68,399,77,78,91,78,75,394,84,85,78,83,64,82,244,84,83,77,49,7,13,7,9,13,2220,465,3 ★,3★,High,High,2 ★,65,74,84,79,81,82,"
143"
https://cdn.sofifa.com/players/178/603/21_60.png,Mats Hummels,http://sofifa.com/player/178603/mats-hummels/210005/,Germany,CB,M. Hummels,31,86,86,"



Borussia Dortmund
2019 ~ 2022

",178603,"6'3""",207lbs,Right,86,CB,0,"Jul 1, 2019",N/A,€33M,€93K,€56.1M,349,65,55,87,82,60,355,69,66,53,86,81,323,46,67,63,87,60,341,71,68,65,86,51,366,71,91,56,80,68,89,264,90,88,86,42,15,6,10,5,6,2040,431,3 ★,3★,High,High,4 ★,58,58,77,72,89,77,"
100"
https://cdn.sofifa.com/players/177/683/21_60.png,Yann Sommer,http://sofifa.com/player/177683/yann-sommer/210005/,Switzerland,GK,Y. Sommer,31,86,86,"



Borussia Mönchengladbach
2014 ~ 2023

",177683,"6'0""",174lbs,Right,86,GK,0,"Jul 1, 2014",N/A,€28.5M,€55K,€48.5M,84,13,13,10,40,8,96,15,12,13,31,25,299,48,54,55,84,58,262,64,73,45,68,12,162,38,21,15,64,24,57,40,9,19,12,423,80,86,85,87,85,1366,474,4 ★,1★,Medium,Medium,3 ★,80,86,85,85,51,87,"
38"
https://cdn.sofifa.com/players/168/542/21_60.png,David Josué Jiménez Silva,http://sofifa.com/player/168542/david-josue-jimenez-silva/210005/,Spain,CAM CM,David Silva,34,86,86,"



Real Sociedad
2020 ~ 2022

",168542,"5'8""",148lbs,Left,86,CAM,0,"Aug 17, 2020",N/A,€22.5M,€58K,€47.3M,383,84,72,53,92,82,420,86,82,77,84,91,388,68,61,85,87,87,325,72,64,70,46,73,358,56,50,86,91,75,92,140,58,53,29,46,6,15,7,6,12,2060,421,2 ★,4★,High,Medium,4 ★,64,74,88,88,52,55,"
83"
https://cdn.sofifa.com/players/152/729/21_60.png,Gerard Piqué Bernabeu,http://sofifa.com/player/152729/gerard-pique-bernabeu/210005/,Spain,CB,Piqué,33,86,86,"



FC Barcelona
2008 ~ 2022

",152729,"6'4""",187lbs,Right,86,CB,0,"Jul 1, 2008",N/A,€21M,€220K,€43.1M,344,57,65,84,81,57,325,63,58,43,81,80,292,48,64,57,88,35,343,62,74,69,87,51,371,79,87,64,72,69,87,258,88,86,84,58,10,11,14,15,8,1991,422,3 ★,2★,High,Medium,4 ★,57,61,71,67,86,80,"
67"
https://cdn.sofifa.com/players/143/076/21_60.png,Alejandro Gómez,http://sofifa.com/player/143076/alejandro-gomez/210005/,Argentina,CAM CF ST,A. Gómez,32,86,86,"



Atalanta
2014 ~ 2022

",143076,"5'6""",150lbs,Right,86,CAM,0,"Sep 2, 2014",N/A,€34.5M,€100K,€58.7M,359,83,80,38,86,72,411,87,82,79,77,86,453,94,86,93,86,94,345,76,70,73,44,82,337,56,40,82,87,72,85,114,50,30,34,46,8,11,12,9,6,2065,435,4 ★,4★,High,Medium,3 ★,90,79,84,88,39,55,"
207"
https://cdn.sofifa.com/players/235/790/21_60.png,Kai Havertz,http://sofifa.com/player/235790/kai-havertz/210005/,Germany,CAM RM CF,K. Havertz,21,85,93,"



Chelsea
2020 ~ 2025

",235790,"6'2""",183lbs,Left,87,CAM,8,"Sep 4, 2020",N/A,€57M,€105K,€119.7M,400,73,85,78,84,80,388,86,84,53,78,87,403,78,88,78,85,74,378,74,75,82,69,78,319,42,38,84,82,73,84,123,39,46,38,47,6,8,11,10,12,2058,441,4 ★,4★,Medium,Medium,3 ★,84,81,79,85,45,67,"
416"
https://cdn.sofifa.com/players/235/243/21_60.png,Matthijs de Ligt,http://sofifa.com/player/235243/matthijs-de-ligt/210005/,Netherlands,CB,M. de Ligt,20,85,92,"



Juventus
2019 ~ 2024

",235243,"6'2""",196lbs,Right,87,CB,7,"Jul 18, 2019",N/A,€49.5M,€80K,€91.6M,308,52,50,86,75,45,319,66,48,55,74,76,343,68,75,56,84,60,396,82,84,76,88,66,313,83,83,44,63,40,82,253,86,85,82,56,12,11,11,12,10,1988,435,4 ★,2★,Medium,High,3 ★,72,59,66,69,85,84,"
315"
https://cdn.sofifa.com/players/232/363/21_60.png,Milan Škriniar,http://sofifa.com/player/232363/milan-skriniar/210005/,Slovakia,CB,M. Škriniar,25,85,89,"



Inter
2017 ~ 2023

",232363,"6'2""",176lbs,Right,86,CB,4,"Jul 7, 2017",N/A,€44.5M,€130K,€79M,277,40,42,82,73,40,269,67,34,30,69,69,320,70,68,48,83,51,315,50,78,73,84,30,315,86,86,30,57,56,81,262,92,87,83,55,10,13,12,8,12,1813,403,4 ★,2★,Medium,High,1 ★,69,41,59,66,87,81,"
206"
https://cdn.sofifa.com/players/231/866/21_60.png,Rodrigo Hernández Cascante,http://sofifa.com/player/231866/rodrigo-hernandez-cascante/210005/,Spain,CDM CM,Rodri,24,85,88,"



Manchester City
2019 ~ 2024

",231866,"6'3""",181lbs,Right,85,CDM,3,"Jul 4, 2019",N/A,€44M,€145K,€84.7M,346,63,64,75,85,59,359,76,65,54,82,82,350,66,65,68,82,69,382,74,69,84,79,76,362,76,83,75,82,46,85,245,83,84,78,49,10,10,7,14,8,2093,448,4 ★,3★,Medium,High,2 ★,65,68,77,77,82,79,"
124"
https://cdn.sofifa.com/players/231/677/21_60.png,Marcus Rashford,http://sofifa.com/player/231677/marcus-rashford/210005/,England,LM ST,M. Rashford,22,85,91,"



Manchester United
2014 ~ 2023

",231677,"6'1""",154lbs,Right,86,RM,6,"Jul 1, 2014",N/A,€53M,€150K,€111.3M,382,77,83,68,81,73,399,87,82,76,69,85,429,89,93,86,86,75,406,90,72,87,76,81,360,73,42,82,82,81,82,120,47,40,33,53,11,6,15,7,14,2149,461,4 ★,5★,High,Medium,2 ★,91,83,78,86,45,78,"
424"
https://cdn.sofifa.com/players/230/621/21_60.png,Gianluigi Donnarumma,http://sofifa.com/player/230621/gianluigi-donnarumma/210005/,Italy,GK,G. Donnarumma,21,85,92,"



Milan
2015 ~ 2021

",230621,"6'5""",198lbs,Right,85,GK,7,"Jul 1, 2015",N/A,€41.5M,€34K,€78.9M,78,12,12,12,34,8,106,28,12,14,24,28,281,46,54,64,79,38,253,57,72,34,72,18,144,30,26,14,50,24,68,50,20,14,16,418,89,81,76,83,89,1330,468,3 ★,1★,Medium,Medium,3 ★,89,81,76,89,50,83,"
191"
https://cdn.sofifa.com/players/228/702/21_60.png,Frenkie de Jong,http://sofifa.com/player/228702/frenkie-de-jong/210005/,Netherlands,CM,F. de Jong,23,85,90,"



FC Barcelona
2019 ~ 2024

",228702,"5'11""",163lbs,Right,87,CM,5,"Jul 1, 2019",N/A,€50.5M,€190K,€107.3M,363,75,63,66,90,69,409,87,84,64,86,88,410,80,80,83,88,79,369,68,76,90,74,61,356,70,82,73,86,45,90,229,76,76,77,49,7,13,10,10,9,2185,468,3 ★,4★,Medium,High,3 ★,80,64,84,87,76,77,"
454"
https://cdn.sofifa.com/players/223/848/21_60.png,Sergej Milinković-Savić,http://sofifa.com/player/223848/sergej-milinkovic-savic/210005/,Serbia,CM CDM CAM,S. Milinković-Savić,25,85,89,"



Lazio
2015 ~ 2024

",223848,"6'3""",168lbs,Right,86,CM,4,"Aug 6, 2015",N/A,€49M,€94K,€87M,389,64,80,86,85,74,412,86,78,75,85,88,348,66,72,64,83,63,421,83,85,85,88,80,377,79,78,79,85,56,84,231,78,79,74,47,7,10,7,16,7,2225,475,4 ★,4★,High,Medium,2 ★,69,79,80,83,79,85,"
271"
https://cdn.sofifa.com/players/222/492/21_60.png,Leroy Sané,http://sofifa.com/player/222492/leroy-sane/210005/,Germany,LM,L. Sané,24,85,90,"



FC Bayern München
2020 ~ 2025

",222492,"6'0""",165lbs,Left,85,LM,5,"Jul 15, 2020",N/A,€51.5M,€100K,€88.8M,402,83,81,72,81,85,402,88,83,82,64,85,427,91,95,84,79,78,368,87,64,70,69,78,332,61,34,84,82,71,80,103,36,32,35,52,8,12,9,9,14,2086,444,3 ★,4★,High,Medium,2 ★,93,81,79,86,38,67,"
249"
https://cdn.sofifa.com/players/220/440/21_60.png,Clément Lenglet,http://sofifa.com/player/220440/clement-lenglet/210005/,France,CB,C. Lenglet,25,85,89,"



FC Barcelona
2018 ~ 2023

",220440,"6'1""",179lbs,Left,86,CB,4,"Jul 12, 2018",N/A,€44.5M,€190K,€94.6M,292,55,39,83,78,37,297,57,59,31,74,76,353,76,72,61,84,60,347,58,85,75,83,46,336,80,87,54,66,49,82,257,90,86,81,48,10,10,9,12,7,1930,419,4 ★,2★,Medium,High,2 ★,74,45,67,65,87,81,"
121"
https://cdn.sofifa.com/players/212/188/21_60.png,Timo Werner,http://sofifa.com/player/212188/timo-werner/210005/,Germany,ST LW,T. Werner,24,85,88,"



Chelsea
2020 ~ 2025

",212188,"5'11""",168lbs,Right,87,ST,3,"Jul 1, 2020",N/A,€49.5M,€135K,€97.8M,399,69,88,78,78,86,352,84,70,58,55,85,428,93,89,83,87,76,388,85,75,83,67,78,331,63,37,88,65,78,82,78,39,20,19,50,9,9,8,15,9,2026,435,4 ★,3★,High,Medium,3 ★,91,85,69,84,35,71,"
246"
https://cdn.sofifa.com/players/210/243/21_60.png,Ricardo Barbosa Pereira,http://sofifa.com/player/210243/ricardo-barbosa-pereira/210005/,Portugal,RB,Ricardo Pereira,26,85,86,"



Leicester City
2018 ~ 2023

",210243,"5'9""",154lbs,Right,85,RB,1,"Jun 9, 2018",N/A,€39.5M,€120K,€78M,352,82,63,65,83,59,372,82,78,52,78,82,410,84,83,79,85,79,370,74,75,88,69,64,373,79,81,75,77,61,81,249,82,84,83,65,16,12,15,11,11,2191,467,4 ★,3★,High,High,3 ★,83,66,79,82,81,76,"
171"
https://cdn.sofifa.com/players/208/670/21_60.png,Hakim Ziyech,http://sofifa.com/player/208670/hakim-ziyech/210005/,Morocco,CAM RW,H. Ziyech,27,85,86,"



Chelsea
2020 ~ 2025

",208670,"5'11""",143lbs,Left,85,CAM,1,"Jul 1, 2020",N/A,€44M,€140K,€86.9M,374,88,73,53,86,74,425,83,90,78,89,85,407,83,77,85,84,78,336,83,37,80,59,77,363,73,52,82,89,67,79,140,44,56,40,51,11,7,11,8,14,2096,443,2 ★,5★,High,High,3 ★,80,76,87,84,50,66,"
148"
https://cdn.sofifa.com/players/207/865/21_60.png,Marcos Aoás Corrêa,http://sofifa.com/player/207865/marcos-aoas-correa/210005/,Brazil,CB CDM,Marquinhos,26,85,89,"



Paris Saint-Germain
2013 ~ 2024

",207865,"6'0""",165lbs,Right,87,CB,4,"Jul 19, 2013",N/A,€44M,€115K,€84.7M,298,68,33,84,82,31,312,64,55,32,82,79,364,70,73,69,85,67,340,61,89,80,75,35,340,80,86,59,68,47,86,261,87,87,87,47,6,6,12,10,13,1962,421,3 ★,3★,Medium,High,3 ★,72,41,73,70,87,78,"
122"
https://cdn.sofifa.com/players/206/113/21_60.png,Serge Gnabry,http://sofifa.com/player/206113/serge-gnabry/210005/,Germany,RM LM RW,S. Gnabry,24,85,87,"



FC Bayern München
2017 ~ 2023

",206113,"5'9""",165lbs,Right,85,RM,2,"Jul 1, 2017",N/A,€47.5M,€100K,€81.9M,368,79,85,42,79,83,380,87,74,62,74,83,425,90,76,86,85,88,379,86,65,78,69,81,337,63,38,85,83,68,80,132,45,44,43,50,14,10,10,9,7,2071,442,4 ★,4★,High,Medium,3 ★,82,83,78,86,43,70,"
229"
https://cdn.sofifa.com/players/204/485/21_60.png,Riyad Mahrez,http://sofifa.com/player/204485/riyad-mahrez/210005/,Algeria,RW RM,R. Mahrez,29,85,85,"



Manchester City
2018 ~ 2023

",204485,"5'10""",148lbs,Left,85,RW,0,"Jul 10, 2018",N/A,€37.5M,€210K,€69.4M,366,83,79,48,80,76,418,90,84,78,75,91,427,87,79,92,81,88,350,79,60,76,55,80,321,48,39,80,84,70,84,98,45,31,22,54,15,9,13,11,6,2034,430,4 ★,5★,Medium,Medium,3 ★,83,79,81,90,38,59,"
109"
https://cdn.sofifa.com/players/202/556/21_60.png,Memphis Depay,http://sofifa.com/player/202556/memphis-depay/210005/,Netherlands,CF LW CAM,M. Depay,26,85,88,"



Olympique Lyonnais
2017 ~ 2021

",202556,"5'9""",172lbs,Right,86,CAM,3,"Jan 20, 2017",N/A,€48.5M,€115K,€95.8M,386,83,83,65,81,74,414,85,85,86,74,84,413,85,87,80,82,79,408,87,76,81,81,83,344,75,28,84,84,73,78,80,29,31,20,50,8,14,6,12,10,2095,446,3 ★,5★,High,Low,3 ★,86,83,81,84,32,80,"
329"
https://cdn.sofifa.com/players/201/399/21_60.png,Mauro Icardi,http://sofifa.com/player/201399/mauro-icardi/210005/,Argentina,ST,M. Icardi,27,85,86,"



Paris Saint-Germain
2020 ~ 2024

",201399,"5'11""",165lbs,Right,85,ST,1,"Jun 8, 2020",N/A,€45M,€135K,€86.6M,386,47,90,88,76,85,336,76,76,48,54,82,381,74,73,73,86,75,387,85,93,66,72,71,324,56,22,92,72,82,83,89,45,24,20,43,13,9,5,7,9,1946,405,4 ★,3★,Medium,Medium,3 ★,73,85,65,78,36,68,"
70"
https://cdn.sofifa.com/players/198/706/21_60.png,Luis Alberto Romero Alconchel,http://sofifa.com/player/198706/luis-alberto-romero-alconchel/210005/,Spain,CAM CM CF,Luis Alberto,27,85,85,"



Lazio
2016 ~ 2025

",198706,"6'0""",163lbs,Right,85,CAM,0,"Aug 31, 2016",N/A,€40.5M,€99K,€68.9M,368,76,77,49,90,76,430,86,86,81,89,88,383,76,72,81,80,74,345,77,53,75,64,76,308,29,55,80,88,56,78,171,58,68,45,43,6,8,6,12,11,2048,438,3 ★,4★,Medium,Medium,2 ★,74,76,86,85,58,59,"
96"
https://cdn.sofifa.com/players/198/219/21_60.png,Lorenzo Insigne,http://sofifa.com/player/198219/lorenzo-insigne/210005/,Italy,LW CF,L. Insigne,29,85,85,"



Napoli
2010 ~ 2022

",198219,"5'4""",130lbs,Right,85,LW,0,"Jul 1, 2010",N/A,€37.5M,€120K,€63.8M,374,83,75,59,83,74,425,90,87,77,78,93,442,92,84,93,80,93,316,78,50,70,34,84,300,34,26,81,85,74,83,99,53,24,22,45,8,4,14,9,10,2001,420,4 ★,4★,High,Medium,3 ★,88,78,83,91,36,44,"
97"
https://cdn.sofifa.com/players/193/747/21_60.png,Jorge Resurrección,http://sofifa.com/player/193747/jorge-resurreccion/210005/,Spain,CM RM LM,Koke,28,85,85,"



Atlético Madrid
2011 ~ 2024

",193747,"5'9""",165lbs,Right,85,CM,0,"Jan 1, 2011",N/A,€38M,€92K,€77.9M,361,85,72,61,87,56,409,80,85,76,84,84,375,68,66,73,88,80,395,83,63,94,75,80,384,79,80,82,84,59,84,230,80,80,70,54,14,12,5,10,13,2208,465,4 ★,3★,High,High,3 ★,67,75,85,81,77,80,"
89"
https://cdn.sofifa.com/players/192/563/21_60.png,Bernd Leno,http://sofifa.com/player/192563/bernd-leno/210005/,Germany,GK,B. Leno,28,85,87,"



Arsenal
2018 ~ 2023

",192563,"6'3""",181lbs,Right,85,GK,2,"Jul 1, 2018",N/A,€33.5M,€105K,€66.2M,91,9,9,13,50,10,116,16,9,8,48,35,288,55,56,52,81,44,260,60,73,43,70,14,139,28,25,7,56,23,66,60,27,15,18,418,85,83,80,84,86,1372,474,3 ★,1★,Medium,Medium,3 ★,85,83,80,86,56,84,"
73"
https://cdn.sofifa.com/players/192/505/21_60.png,Romelu Lukaku,http://sofifa.com/player/192505/romelu-lukaku/210005/,Belgium,ST,R. Lukaku,27,85,86,"



Inter
2019 ~ 2024

",192505,"6'3""",207lbs,Left,85,ST,1,"Aug 8, 2019",N/A,€45M,€165K,€79.9M,400,73,86,85,79,77,371,78,78,66,71,78,353,77,84,60,86,46,400,87,71,73,95,74,340,71,27,86,78,78,83,101,30,41,30,54,8,15,14,7,10,2019,437,4 ★,3★,Medium,Medium,3 ★,81,83,76,75,38,84,"
210"
https://cdn.sofifa.com/players/191/043/21_60.png,Alex Sandro Lobo Silva,http://sofifa.com/player/191043/alex-sandro-lobo-silva/210005/,Brazil,LB LM,Alex Sandro,29,85,85,"



Juventus
2015 ~ 2023

",191043,"5'11""",176lbs,Left,85,LB,0,"Aug 21, 2015",N/A,€31.5M,€120K,€52M,364,84,55,76,81,68,369,80,78,59,71,81,400,78,83,78,84,77,398,80,79,90,77,72,364,82,82,70,70,60,80,243,80,81,82,40,7,7,9,12,5,2178,465,3 ★,3★,High,Medium,3 ★,81,65,77,80,81,81,"
82"
https://cdn.sofifa.com/players/190/460/21_60.png,Christian Eriksen,http://sofifa.com/player/190460/christian-eriksen/210005/,Denmark,CAM CM RM,C. Eriksen,28,85,85,"



Inter
2020 ~ 2024

",190460,"5'11""",168lbs,Right,85,CAM,0,"Jan 28, 2020",N/A,€39M,€155K,€66.3M,385,86,77,52,90,80,428,77,89,85,87,90,385,74,70,77,84,80,370,84,49,92,56,89,341,46,56,82,90,67,86,138,59,57,22,43,9,14,7,7,6,2090,438,5 ★,4★,High,High,3 ★,72,81,88,81,53,63,"
146"
https://cdn.sofifa.com/players/189/513/21_60.png,Daniel Parejo Muñoz,http://sofifa.com/player/189513/daniel-parejo-munoz/210005/,Spain,CM,Parejo,31,85,85,"



Villarreal CF
2020 ~ 2024

",189513,"6'0""",163lbs,Right,85,CM,0,"Aug 12, 2020",N/A,€33M,€59K,€69.3M,394,86,83,61,92,72,439,82,88,93,90,86,316,52,49,63,80,72,366,81,49,78,70,88,398,58,81,82,89,88,85,209,70,70,69,48,5,9,12,14,8,2170,444,4 ★,3★,Medium,Medium,2 ★,50,83,90,81,71,69,"
62"
https://cdn.sofifa.com/players/189/509/21_60.png,Thiago Alcântara,http://sofifa.com/player/189509/thiago-alcantara/210005/,Spain,CM CDM,Thiago,29,85,85,"



Liverpool
2020 ~ 2024

",189509,"5'9""",154lbs,Right,85,CM,0,"Sep 18, 2020",N/A,€37M,€150K,€68.5M,373,78,68,54,89,84,432,90,85,77,89,91,395,74,55,91,85,90,355,75,75,73,59,73,372,54,83,75,85,75,86,206,67,71,68,46,6,11,7,9,13,2179,443,3 ★,5★,Medium,Medium,3 ★,64,72,85,90,70,62,"
165"
https://cdn.sofifa.com/players/188/377/21_60.png,Kyle Walker,http://sofifa.com/player/188377/kyle-walker/210005/,England,RB,K. Walker,30,85,85,"



Manchester City
2017 ~ 2024

",188377,"6'0""",154lbs,Right,85,RB,0,"Jul 14, 2017",N/A,€30.5M,€170K,€56.4M,341,81,51,74,78,57,381,79,76,71,76,79,403,90,94,66,84,69,406,86,83,89,79,69,358,78,80,68,69,63,75,242,77,83,82,57,12,6,16,15,8,2188,470,2 ★,3★,High,High,3 ★,92,63,76,77,80,82,"
129"
https://cdn.sofifa.com/players/188/350/21_60.png,Marco Reus,http://sofifa.com/player/188350/marco-reus/210005/,Germany,CAM CF,M. Reus,31,85,85,"



Borussia Dortmund
2012 ~ 2023

",188350,"5'11""",157lbs,Right,85,CAM,0,"Jul 1, 2012",N/A,€34M,€94K,€57.8M,389,85,86,44,85,89,422,85,88,86,76,87,410,82,78,83,85,82,373,87,70,67,66,83,360,51,48,86,84,91,85,132,50,37,45,61,12,12,13,13,11,2147,443,4 ★,4★,High,Medium,4 ★,80,86,84,85,45,63,"
162"
https://cdn.sofifa.com/players/185/122/21_60.png,Péter Gulácsi,http://sofifa.com/player/185122/peter-gulacsi/210005/,Hungary,GK,P. Gulácsi,30,85,85,"



RB Leipzig
2015 ~ 2023

",185122,"6'3""",190lbs,Right,85,GK,0,"Jul 1, 2015",N/A,€26M,€65K,€44.2M,94,16,10,23,35,10,104,19,18,11,31,25,251,42,44,41,82,42,250,62,67,35,74,12,134,34,23,11,42,24,45,61,25,16,20,421,84,85,82,84,86,1315,464,2 ★,1★,Medium,Medium,2 ★,84,85,82,86,43,84,"
35"
https://cdn.sofifa.com/players/184/344/21_60.png,Leonardo Bonucci,http://sofifa.com/player/184344/leonardo-bonucci/210005/,Italy,CB,L. Bonucci,33,85,85,"



Juventus
2018 ~ 2024

",184344,"6'3""",187lbs,Right,85,CB,0,"Aug 2, 2018",N/A,€18M,€110K,€29.7M,311,44,48,84,77,58,345,69,56,61,84,75,319,58,62,60,84,55,369,74,85,66,79,65,354,82,90,38,74,70,86,256,90,86,80,13,2,2,3,2,4,1967,421,4 ★,2★,Medium,High,3 ★,60,58,69,70,87,77,"
67"
https://cdn.sofifa.com/players/184/087/21_60.png,Toby Alderweireld,http://sofifa.com/player/184087/toby-alderweireld/210005/,Belgium,CB,T. Alderweireld,31,85,85,"



Tottenham Hotspur
2015 ~ 2023

",184087,"6'1""",179lbs,Right,85,CB,0,"Jul 8, 2015",N/A,€28.5M,€130K,€54.2M,308,64,45,82,79,38,351,62,63,69,82,75,331,60,65,59,85,62,375,78,82,78,79,58,338,81,85,52,62,58,86,262,88,89,85,66,16,6,14,16,14,2031,423,3 ★,2★,Medium,Medium,3 ★,63,55,72,67,87,79,"
65"
https://cdn.sofifa.com/players/182/493/21_60.png,Diego Godín,http://sofifa.com/player/182493/diego-godin/210005/,Uruguay,CB,D. Godín,34,85,85,"



Cagliari
2020 ~ 2023

",182493,"6'2""",172lbs,Right,85,CB,0,"Sep 24, 2020",N/A,€14.5M,€56K,€24.7M,305,52,42,85,79,47,295,53,49,49,70,74,298,59,55,57,74,53,346,67,89,62,85,43,322,85,87,48,52,50,80,260,90,86,84,49,6,8,15,5,15,1875,396,3 ★,2★,Medium,High,3 ★,57,48,64,61,87,79,"
47"
https://cdn.sofifa.com/players/181/291/21_60.png,Georginio Wijnaldum,http://sofifa.com/player/181291/georginio-wijnaldum/210005/,Netherlands,CM,G. Wijnaldum,29,85,85,"



Liverpool
2016 ~ 2021

",181291,"5'9""",152lbs,Right,85,CM,0,"Jul 22, 2016",N/A,€37M,€150K,€68.5M,386,72,75,78,88,73,405,85,78,73,81,88,411,77,76,84,86,88,399,78,81,93,74,73,386,75,79,79,79,74,86,226,78,79,69,54,16,6,14,12,6,2267,475,4 ★,4★,High,High,3 ★,76,75,81,86,78,79,"
112"
https://cdn.sofifa.com/players/180/206/21_60.png,Miralem Pjanić,http://sofifa.com/player/180206/miralem-pjanic/210005/,Bosnia Herzegovina,CM,M. Pjanić,30,85,85,"



FC Barcelona
2020 ~ 2024

",180206,"5'10""",159lbs,Right,85,CM,0,"Aug 24, 2020",N/A,€35.5M,€220K,€72.8M,359,81,56,60,90,72,440,86,86,92,87,89,374,68,66,75,84,81,359,78,59,81,59,82,383,70,78,68,88,79,86,224,78,76,70,42,7,7,13,7,8,2181,449,4 ★,3★,Medium,Medium,3 ★,67,68,87,85,75,67,"
77"
https://cdn.sofifa.com/players/175/943/21_60.png,Dries Mertens,http://sofifa.com/player/175943/dries-mertens/210005/,Belgium,CF ST,D. Mertens,33,85,85,"



Napoli
2013 ~ 2022

",175943,"5'7""",134lbs,Right,85,CF,0,"Jul 1, 2013",N/A,€24M,€115K,€40.8M,355,79,84,40,82,70,412,88,82,79,74,89,444,90,82,94,86,92,326,80,58,70,37,81,342,59,36,85,83,79,81,105,25,40,40,39,7,10,8,10,4,2023,423,4 ★,4★,High,Low,3 ★,86,82,80,89,35,51,"
106"
https://cdn.sofifa.com/players/164/240/21_60.png,Thiago Emiliano da Silva,http://sofifa.com/player/164240/thiago-emiliano-da-silva/210005/,Brazil,CB,Thiago Silva,35,85,85,"



Chelsea
2020 ~ 2021

",164240,"6'0""",174lbs,Right,85,CB,0,"Aug 28, 2020",N/A,€11.5M,€93K,€21.9M,322,60,40,81,80,61,349,67,62,61,80,79,332,57,61,67,81,66,379,71,90,71,82,65,353,76,88,59,70,60,86,257,87,86,84,45,9,12,5,9,10,2037,420,3 ★,2★,Medium,High,4 ★,59,54,72,71,86,78,"
84"
https://cdn.sofifa.com/players/239/085/21_60.png,Erling Haaland,http://sofifa.com/player/239085/erling-haaland/210005/,Norway,ST,E. Haaland,19,84,92,"



Borussia Dortmund
2020 ~ 2024

",239085,"6'4""",194lbs,Left,85,ST,8,"Jan 1, 2020",N/A,€45M,€56K,€85.5M,356,46,87,67,74,82,341,75,77,62,49,78,393,80,88,75,83,67,415,93,70,78,91,83,357,82,41,86,68,80,83,113,45,38,30,52,7,14,13,11,7,2027,438,3 ★,3★,High,High,2 ★,84,87,63,76,43,85,"
1.3K"
https://cdn.sofifa.com/players/231/478/21_60.png,Lautaro Martínez,http://sofifa.com/player/231478/lautaro-martinez/210005/,Argentina,ST,L. Martínez,22,84,91,"



Inter
2018 ~ 2023

",231478,"5'9""",179lbs,Right,86,ST,7,"Jul 5, 2018",N/A,€44.5M,€130K,€84.6M,387,56,86,84,78,83,365,87,78,43,73,84,415,84,83,86,84,78,402,80,88,77,83,74,367,86,45,85,77,74,83,131,56,31,44,48,11,8,8,8,13,2115,451,4 ★,4★,High,Medium,1 ★,83,82,71,85,48,82,"
310"
https://cdn.sofifa.com/players/230/658/21_60.png,Arthur Henrique Ramos Oliveira Melo,http://sofifa.com/player/230658/arthur-henrique-ramos-oliveira-melo/210005/,Brazil,CM,Arthur,23,84,89,"



Juventus
2020 ~ 2024

",230658,"5'7""",161lbs,Right,86,CM,5,"Sep 1, 2020",N/A,€41M,€98K,€70.7M,352,73,70,58,88,63,396,87,76,60,84,89,387,68,65,79,85,90,366,78,68,76,68,76,382,75,77,75,86,69,90,225,76,79,70,55,6,13,13,11,12,2163,454,3 ★,4★,Medium,Medium,2 ★,66,73,82,87,75,71,"
181"
https://cdn.sofifa.com/players/230/142/21_60.png,Mikel Oyarzabal Ugarte,http://sofifa.com/player/230142/mikel-oyarzabal-ugarte/210005/,Spain,LW RW,Oyarzabal,23,84,90,"



Real Sociedad
2014 ~ 2024

",230142,"5'11""",174lbs,Left,85,CAM,6,"Jul 1, 2014",N/A,€42.5M,€47K,€97.8M,380,82,84,60,81,73,387,85,74,71,73,84,401,80,81,80,81,79,372,80,72,82,57,81,332,52,29,83,85,83,75,117,55,32,30,50,10,6,10,13,11,2039,431,3 ★,3★,High,Medium,1 ★,81,82,80,84,41,63,"
364"
https://cdn.sofifa.com/players/226/790/21_60.png,Wilfred Ndidi,http://sofifa.com/player/226790/wilfred-ndidi/210005/,Nigeria,CDM CM,W. Ndidi,23,84,88,"



Leicester City
2017 ~ 2024

",226790,"6'0""",163lbs,Right,87,CB,4,"Jan 5, 2017",N/A,€36.5M,€96K,€72.1M,321,50,50,76,79,66,341,72,58,58,75,78,365,70,72,69,87,67,412,80,90,92,78,72,366,87,90,67,67,55,80,261,87,89,85,54,13,14,7,7,13,2120,446,4 ★,3★,Medium,High,1 ★,71,62,68,74,87,84,"
200"
https://cdn.sofifa.com/players/226/753/21_60.png,André Onana,http://sofifa.com/player/226753/andre-onana/210005/,Cameroon,GK,A. Onana,24,84,88,"



Ajax
2015 ~ 2022

",226753,"6'3""",205lbs,Right,84,GK,4,"Jan 14, 2015",N/A,€30M,€18K,€44.3M,93,15,12,20,33,13,143,26,30,17,32,38,331,64,62,68,84,53,279,65,80,39,78,17,149,32,15,11,64,27,61,44,12,18,14,419,84,80,87,82,86,1458,482,3 ★,1★,Medium,Medium,3 ★,84,80,87,86,63,82,"
141"
https://cdn.sofifa.com/players/216/460/21_60.png,José María Giménez,http://sofifa.com/player/216460/jose-maria-gimenez/210005/,Uruguay,CB,J. Giménez,25,84,88,"



Atlético Madrid
2013 ~ 2023

",216460,"6'1""",174lbs,Right,86,CB,4,"Jul 1, 2013",N/A,€36M,€70K,€76.5M,262,47,37,78,70,30,252,50,36,44,62,60,307,65,69,54,79,40,364,72,90,64,90,48,263,89,85,24,27,38,75,261,88,87,86,52,9,11,7,10,15,1761,388,3 ★,2★,Medium,High,2 ★,67,45,53,54,86,83,"
134"
https://cdn.sofifa.com/players/216/352/21_60.png,Marcelo Brozović,http://sofifa.com/player/216352/marcelo-brozovic/210005/,Croatia,CDM CM,M. Brozović,27,84,85,"



Inter
2016 ~ 2022

",216352,"5'11""",150lbs,Right,84,CDM,1,"Jul 1, 2016",N/A,€32M,€125K,€56.8M,359,72,69,70,83,65,403,81,79,74,84,85,348,62,63,72,75,76,394,80,67,94,69,84,384,84,81,70,80,69,82,238,78,81,79,50,8,8,15,11,8,2176,455,4 ★,3★,Medium,High,2 ★,63,74,80,81,79,78,"
122"
https://cdn.sofifa.com/players/213/345/21_60.png,Kingsley Coman,http://sofifa.com/player/213345/kingsley-coman/210005/,France,LM RM LW,K. Coman,24,84,88,"



FC Bayern München
2015 ~ 2023

",213345,"5'10""",165lbs,Right,86,RM,4,"Aug 30, 2015",N/A,€40.5M,€94K,€69.9M,360,77,76,52,78,77,399,88,81,70,73,87,443,94,93,88,84,84,356,80,73,66,64,73,291,36,23,83,79,70,76,77,29,27,21,21,5,3,5,3,5,1947,421,3 ★,4★,Medium,Low,3 ★,93,76,77,87,29,59,"
146"
https://cdn.sofifa.com/players/212/462/21_60.png,Alex Nicolao Telles,http://sofifa.com/player/212462/alex-nicolao-telles/210005/,Brazil,LB,Alex Telles,27,84,85,"



Manchester United
2020 ~ 2024

",212462,"5'11""",157lbs,Left,84,LB,1,"Oct 5, 2020",N/A,€31M,€145K,€61.2M,371,89,65,67,83,67,417,82,87,79,87,82,397,84,85,75,83,70,409,87,80,91,68,83,390,78,80,75,76,81,78,240,80,81,79,58,13,8,12,11,14,2282,478,2 ★,3★,High,High,3 ★,85,74,83,81,79,76,"
249"
https://cdn.sofifa.com/players/212/194/21_60.png,Julian Brandt,http://sofifa.com/player/212194/julian-brandt/210005/,Germany,CAM CM,J. Brandt,24,84,88,"



Borussia Dortmund
2019 ~ 2024

",212194,"6'1""",183lbs,Right,87,CAM,4,"Jul 1, 2019",N/A,€40.5M,€75K,€71.9M,375,81,77,54,84,79,401,88,77,65,85,86,412,77,85,84,83,83,376,81,64,80,71,80,304,38,47,80,85,54,84,160,48,55,57,55,11,16,11,8,9,2083,445,4 ★,4★,High,Medium,3 ★,81,78,82,87,51,66,"
207"
https://cdn.sofifa.com/players/212/190/21_60.png,Niklas Süle,http://sofifa.com/player/212190/niklas-sule/210005/,Germany,CB,N. Süle,24,84,89,"



FC Bayern München
2017 ~ 2022

",212190,"6'5""",214lbs,Right,85,CB,5,"Jul 1, 2017",N/A,€37.5M,€84K,€64.7M,253,34,22,86,78,33,233,43,28,30,69,63,281,52,83,33,81,32,333,77,38,63,93,62,279,83,81,26,57,32,75,260,85,88,87,58,15,7,14,7,15,1697,385,3 ★,2★,Medium,Medium,2 ★,69,42,59,49,85,81,"
121"
https://cdn.sofifa.com/players/211/300/21_60.png,Anthony Martial,http://sofifa.com/player/211300/anthony-martial/210005/,France,ST,A. Martial,24,84,88,"



Manchester United
2015 ~ 2024

",211300,"6'0""",168lbs,Right,86,ST,4,"Sep 1, 2015",N/A,€41M,€155K,€81M,383,72,85,71,80,75,377,89,84,54,63,87,422,88,90,83,82,79,385,83,70,77,76,79,338,54,42,84,77,81,82,109,34,39,36,51,9,8,8,15,11,2065,446,3 ★,4★,Medium,Medium,3 ★,89,83,74,87,41,72,"
259"
https://cdn.sofifa.com/players/211/256/21_60.png,Nicolás Tagliafico,http://sofifa.com/player/211256/nicolas-tagliafico/210005/,Argentina,LB,N. Tagliafico,27,84,84,"



Ajax
2018 ~ 2022

",211256,"5'8""",143lbs,Left,84,LB,0,"Jan 5, 2018",N/A,€27.5M,€27K,€38.5M,345,82,57,84,78,44,325,73,68,40,67,77,406,81,82,77,84,82,361,66,90,85,73,47,351,84,82,70,69,46,82,245,84,80,81,63,13,9,10,15,16,2096,448,2 ★,3★,High,High,3 ★,82,56,73,76,82,79,"
122"
https://cdn.sofifa.com/players/210/035/21_60.png,Alejandro Grimaldo García,http://sofifa.com/player/210035/alejandro-grimaldo-garcia/210005/,Spain,LB,Grimaldo,24,84,88,"



SL Benfica
2016 ~ 2023

",210035,"5'7""",152lbs,Left,85,LWB,4,"Jan 4, 2016",N/A,€35.5M,€20K,€73.7M,344,84,52,66,81,61,412,84,85,81,79,83,423,86,84,84,83,86,375,79,64,90,63,79,347,69,81,75,68,54,83,232,75,78,79,50,7,13,10,7,13,2183,461,2 ★,3★,High,Medium,3 ★,85,65,79,84,77,71,"
309"
https://cdn.sofifa.com/players/209/989/21_60.png,Thomas Partey,http://sofifa.com/player/209989/thomas-partey/210005/,Ghana,CM,T. Partey,27,84,85,"



Arsenal
2020 ~ 2024

",209989,"6'1""",170lbs,Right,86,CDM,1,"Oct 5, 2020",N/A,€35M,€120K,€69.1M,353,74,68,68,87,56,391,84,69,70,85,83,352,68,74,75,85,50,430,86,83,92,84,85,375,84,84,73,85,49,86,247,81,85,81,49,11,13,9,9,7,2197,476,3 ★,3★,Medium,High,2 ★,71,74,82,81,82,86,"
367"
https://cdn.sofifa.com/players/209/889/21_60.png,Raphaël Guerreiro,http://sofifa.com/player/209889/raphael-guerreiro/210005/,Portugal,LM LB CM,R. Guerreiro,26,84,85,"



Borussia Dortmund
2016 ~ 2023

",209889,"5'7""",157lbs,Left,85,CAM,1,"Jul 1, 2016",N/A,€36.5M,€86K,€64.8M,365,82,80,37,87,79,420,87,85,82,78,88,410,82,67,87,84,90,338,79,53,77,49,80,340,52,81,79,84,44,86,230,76,76,78,45,12,6,8,11,8,2148,453,2 ★,4★,Medium,Medium,3 ★,74,78,84,87,73,57,"
224"
https://cdn.sofifa.com/players/209/658/21_60.png,Leon Goretzka,http://sofifa.com/player/209658/leon-goretzka/210005/,Germany,CM CDM,L. Goretzka,25,84,88,"



FC Bayern München
2018 ~ 2022

",209658,"6'2""",168lbs,Right,86,CM,4,"Jul 1, 2018",N/A,€39.5M,€105K,€68.1M,389,75,79,82,84,69,397,82,76,75,79,85,390,79,78,76,87,70,410,79,78,83,88,82,385,81,79,83,82,60,82,228,74,79,75,56,13,8,15,11,9,2255,480,4 ★,3★,High,Medium,3 ★,78,78,80,82,77,85,"
211"
https://cdn.sofifa.com/players/208/421/21_60.png,Saúl Ñíguez Esclápez,http://sofifa.com/player/208421/saul-niguez-esclapez/210005/,Spain,CM LM LB,Saúl,25,84,87,"



Atlético Madrid
2013 ~ 2026

",208421,"6'0""",165lbs,Left,86,CM,3,"Jul 1, 2013",N/A,€38.5M,€77K,€81.8M,391,69,78,83,85,76,382,81,73,60,83,85,362,67,69,73,84,69,407,82,80,87,77,81,388,76,79,82,83,68,83,232,77,78,77,51,7,13,12,10,9,2213,464,4 ★,3★,High,High,3 ★,68,79,79,81,78,79,"
152"
https://cdn.sofifa.com/players/207/863/21_60.png,Felipe Augusto de Almeida Monteiro,http://sofifa.com/player/207863/felipe-augusto-de-almeida-monteiro/210005/,Brazil,CB,Felipe,31,84,84,"



Atlético Madrid
2019 ~ 2022

",207863,"6'3""",185lbs,Right,84,CB,0,"Jul 1, 2019",N/A,€23M,€74K,€47.2M,285,45,39,84,73,44,251,57,32,30,69,63,327,58,66,65,83,55,342,46,90,76,89,41,310,92,87,34,50,47,75,256,87,86,83,50,9,11,14,9,7,1821,394,3 ★,2★,Medium,High,3 ★,62,41,58,61,86,86,"
60"
https://cdn.sofifa.com/players/204/838/21_60.png,Raúl Jiménez,http://sofifa.com/player/204838/raul-jimenez/210005/,Mexico,ST,R. Jiménez,29,84,84,"



Wolverhampton Wanderers
2019 ~ 2024

",204838,"6'2""",179lbs,Right,84,ST,0,"Jul 1, 2019",N/A,€31M,€140K,€58.9M,405,73,84,85,81,82,368,84,75,51,75,83,381,73,82,75,83,68,402,83,75,86,84,74,388,81,53,84,78,92,81,121,53,38,30,55,7,11,13,14,10,2120,450,4 ★,3★,High,High,3 ★,78,82,76,82,49,83,"
152"
https://cdn.sofifa.com/players/200/647/21_60.png,Josip Iličić,http://sofifa.com/player/200647/josip-ilicic/210005/,Slovenia,CF ST,J. Iličić,32,84,84,"



Atalanta
2017 ~ 2022

",200647,"6'3""",174lbs,Left,85,CAM,0,"Jul 5, 2017",N/A,€25M,€92K,€42.5M,394,82,85,58,86,83,420,88,85,85,74,88,361,71,69,71,84,66,354,88,34,69,74,89,354,58,46,85,87,78,80,111,53,32,26,52,13,13,8,12,6,2046,436,4 ★,4★,Medium,Medium,3 ★,70,86,84,85,43,68,"
90"
https://cdn.sofifa.com/players/200/458/21_60.png,Lucas Digne,http://sofifa.com/player/200458/lucas-digne/210005/,France,LB,L. Digne,26,84,85,"



Everton
2018 ~ 2023

",200458,"5'10""",163lbs,Left,84,LB,1,"Aug 1, 2018",N/A,€31.5M,€110K,€62.2M,367,87,60,71,81,68,400,78,83,83,73,83,386,78,78,69,83,78,406,83,92,86,69,76,365,76,82,73,74,60,80,245,78,83,84,46,6,12,9,6,13,2215,462,2 ★,3★,High,Medium,2 ★,78,69,80,79,80,76,"
176"
https://cdn.sofifa.com/players/199/451/21_60.png,Wissam Ben Yedder,http://sofifa.com/player/199451/wissam-ben-yedder/210005/,France,ST,W. Ben Yedder,29,84,84,"



AS Monaco
2019 ~ 2024

",199451,"5'7""",150lbs,Right,85,CF,0,"Aug 14, 2019",N/A,€31M,€91K,€58.9M,402,74,88,74,82,84,396,87,80,76,66,87,434,86,82,91,86,89,364,83,79,68,63,71,349,55,44,90,80,80,84,93,34,33,26,42,6,13,9,7,7,2080,433,5 ★,4★,High,High,2 ★,84,83,77,87,39,63,"
112"
https://cdn.sofifa.com/players/198/176/21_60.png,Stefan de Vrij,http://sofifa.com/player/198176/stefan-de-vrij/210005/,Netherlands,CB,S. de Vrij,28,84,85,"



Inter
2018 ~ 2023

",198176,"6'2""",172lbs,Right,84,CB,1,"Jul 1, 2018",N/A,€30.5M,€130K,€54.1M,256,49,25,82,73,27,271,66,45,16,71,73,338,69,68,61,81,59,343,65,76,64,78,60,303,80,86,32,64,41,82,260,88,87,85,52,8,10,7,14,13,1823,400,4 ★,2★,Medium,High,3 ★,68,41,62,68,86,75,"
90"
https://cdn.sofifa.com/players/197/965/21_60.png,Luis Miguel Afonso Fernandes,http://sofifa.com/player/197965/luis-miguel-afonso-fernandes/210005/,Portugal,RM CM,Pizzi,30,84,84,"



SL Benfica
2013 ~ 2023

",197965,"5'10""",159lbs,Right,84,RM,0,"Jul 30, 2013",N/A,€29.5M,€25K,€59M,366,80,78,45,85,78,411,83,83,77,83,85,388,78,73,77,83,77,364,76,67,85,59,77,388,67,72,85,86,78,85,188,69,67,52,62,15,14,9,9,15,2167,452,4 ★,3★,High,Medium,3 ★,75,78,83,83,65,68,"
80"
https://cdn.sofifa.com/players/197/781/21_60.png,Francisco Román Alarcón Suárez,http://sofifa.com/player/197781/francisco-roman-alarcon-suarez/210005/,Spain,CAM CM LW,Isco,28,84,84,"



Real Madrid
2013 ~ 2022

",197781,"5'9""",174lbs,Right,84,CAM,0,"Jul 3, 2013",N/A,€31.5M,€210K,€64.6M,360,78,76,55,84,67,428,92,88,76,81,91,383,71,65,83,74,90,331,69,61,61,59,81,354,58,61,76,83,76,85,173,58,64,51,51,10,8,12,15,6,2080,433,3 ★,4★,Medium,Low,3 ★,68,75,82,90,59,59,"
108"
https://cdn.sofifa.com/players/197/445/21_60.png,David Alaba,http://sofifa.com/player/197445/david-alaba/210005/,Austria,CB LB,D. Alaba,28,84,84,"



FC Bayern München
2010 ~ 2021

",197445,"5'11""",172lbs,Left,84,CB,0,"Feb 10, 2010",N/A,€27.5M,€105K,€45.4M,368,80,60,76,85,67,401,77,77,85,79,83,396,78,77,76,88,77,394,82,83,75,76,78,388,74,84,73,78,79,84,250,85,83,82,50,5,7,14,15,9,2247,466,4 ★,3★,Medium,Medium,4 ★,77,70,81,79,83,76,"
200"
https://cdn.sofifa.com/players/193/474/21_60.png,Idrissa Gueye,http://sofifa.com/player/193474/idrissa-gueye/210005/,Senegal,CDM CM,I. Gueye,30,84,84,"



Paris Saint-Germain
2019 ~ 2023

",193474,"5'9""",146lbs,Right,84,CDM,0,"Jul 30, 2019",N/A,€25.5M,€105K,€47.2M,295,60,53,69,81,32,342,76,49,61,77,79,384,70,69,81,83,81,395,80,89,91,69,66,366,86,89,69,68,54,83,257,84,90,83,47,8,6,8,12,13,2086,443,3 ★,3★,Medium,High,2 ★,69,61,71,78,85,79,"
69"
https://cdn.sofifa.com/players/193/165/21_60.png,Jesús Corona,http://sofifa.com/player/193165/jesus-corona/210005/,Mexico,RM RB,J. Corona,27,84,84,"



FC Porto
2015 ~ 2022

",193165,"5'8""",137lbs,Right,84,RM,0,"Aug 31, 2015",N/A,€32.5M,€25K,€65M,378,84,69,71,79,75,395,89,85,67,68,86,431,88,81,91,84,87,328,66,71,89,39,63,376,73,78,79,78,68,85,230,77,77,76,50,11,6,10,14,9,2188,455,5 ★,4★,High,Medium,3 ★,84,68,78,88,77,60,"
207"
https://cdn.sofifa.com/players/192/629/21_60.png,Iago Aspas Juncal,http://sofifa.com/player/192629/iago-aspas-juncal/210005/,Spain,ST RW,Iago Aspas,32,84,84,"



RC Celta
2015 ~ 2023

",192629,"5'9""",148lbs,Left,84,ST,0,"Jul 1, 2015",N/A,€25M,€46K,€52.5M,408,80,89,77,79,83,403,87,79,83,68,86,410,78,86,90,84,72,355,79,66,69,60,81,347,63,39,84,79,82,85,78,39,21,18,62,12,16,9,12,13,2063,429,4 ★,3★,High,High,2 ★,82,85,78,86,35,63,"
63"
https://cdn.sofifa.com/players/190/483/21_60.png,Douglas Costa de Souza,http://sofifa.com/player/190483/douglas-costa-de-souza/210005/,Brazil,LM RW LW,Douglas Costa,29,84,84,"



FC Bayern München
2018 ~ 2022

",190483,"5'8""",154lbs,Left,84,LM,0,"Jul 1, 2018",N/A,€30.5M,€110K,€50.3M,355,82,64,50,83,76,410,92,84,78,65,91,450,94,93,92,80,91,350,86,60,68,56,80,334,55,48,74,80,77,80,117,45,38,34,54,13,15,9,12,5,2070,438,3 ★,5★,High,Medium,3 ★,93,73,79,91,43,59,"
111"
https://cdn.sofifa.com/players/189/117/21_60.png,Roman Bürki,http://sofifa.com/player/189117/roman-burki/210005/,Switzerland,GK,R. Bürki,29,84,85,"



Borussia Dortmund
2015 ~ 2023

",189117,"6'2""",187lbs,Right,84,GK,1,"Jul 1, 2015",N/A,€25M,€67K,€44.4M,90,15,8,17,37,13,84,12,13,12,24,23,277,44,50,49,82,52,253,54,74,36,75,14,133,35,18,10,50,20,58,40,11,13,16,409,85,82,72,82,88,1286,456,2 ★,1★,Medium,Medium,3 ★,85,82,72,88,47,82,"
52"
https://cdn.sofifa.com/players/185/020/21_60.png,José María Callejón Bueno,http://sofifa.com/player/185020/jose-maria-callejon-bueno/210005/,Spain,RM RW,José Callejón,33,84,84,"



Fiorentina
2020 ~ 2022

",185020,"5'10""",161lbs,Right,84,RM,0,"Oct 5, 2020",N/A,€19M,€85K,€32.3M,389,82,78,65,80,84,356,82,73,65,51,85,421,86,89,84,82,80,369,78,70,88,53,80,322,54,40,88,78,62,79,128,64,32,32,49,8,5,14,11,11,2034,434,3 ★,3★,High,High,3 ★,88,78,75,83,47,63,"
111"
https://cdn.sofifa.com/players/184/432/21_60.png,César Azpilicueta Tanco,http://sofifa.com/player/184432/cesar-azpilicueta-tanco/210005/,Spain,RB LB,Azpilicueta,30,84,84,"



Chelsea
2012 ~ 2022

",184432,"5'10""",170lbs,Right,84,RB,0,"Aug 24, 2012",N/A,€24.5M,€120K,€46.6M,331,81,46,75,78,51,350,67,68,58,80,77,365,68,66,72,86,73,358,68,79,81,70,60,373,86,85,62,74,66,78,255,85,85,85,43,13,9,10,6,5,2075,431,3 ★,2★,Medium,Medium,3 ★,67,55,77,72,84,76,"
59"
https://cdn.sofifa.com/players/179/813/21_60.png,Edinson Cavani,http://sofifa.com/player/179813/edinson-cavani/210005/,Uruguay,ST,E. Cavani,33,84,84,"



Manchester United
2020 ~ 2021

",179813,"6'1""",170lbs,Right,84,ST,0,"Oct 5, 2020",N/A,€19.5M,€175K,€37.1M,400,68,87,84,75,86,356,75,75,75,52,79,359,69,73,72,88,57,422,88,88,90,79,77,385,81,54,90,75,85,80,144,57,48,39,53,12,5,13,13,10,2119,440,4 ★,3★,High,High,4 ★,71,85,70,76,55,83,"
350"
https://cdn.sofifa.com/players/178/005/21_60.png,Rui Pedro dos Santos Patrício,http://sofifa.com/player/178005/rui-pedro-dos-santos-patricio/210005/,Portugal,GK,Rui Patrício,32,84,84,"



Wolverhampton Wanderers
2018 ~ 2022

",178005,"6'3""",185lbs,Left,84,GK,0,"Jun 18, 2018",N/A,€19M,€90K,€36.1M,85,12,12,11,34,16,103,20,10,16,32,25,304,53,57,61,79,54,270,58,79,45,77,11,169,37,23,13,64,32,66,38,14,13,11,406,84,80,77,82,83,1375,461,2 ★,1★,Medium,Medium,3 ★,84,80,77,83,55,82,"
54"
https://cdn.sofifa.com/players/177/413/21_60.png,Axel Witsel,http://sofifa.com/player/177413/axel-witsel/210005/,Belgium,CDM CM,A. Witsel,31,84,84,"



Borussia Dortmund
2018 ~ 2022

",177413,"6'1""",179lbs,Right,84,CDM,0,"Aug 17, 2018",N/A,€23.5M,€79K,€40M,391,69,71,84,90,77,386,79,71,68,85,83,352,62,64,74,82,70,392,76,78,83,84,71,392,77,83,75,81,76,92,243,82,80,81,36,5,7,7,10,7,2192,460,4 ★,4★,Medium,Medium,3 ★,63,73,81,79,82,82,"
117"
https://cdn.sofifa.com/players/176/266/21_60.png,Lucas Pezzini Leiva,http://sofifa.com/player/176266/lucas-pezzini-leiva/210005/,Brazil,CDM,Lucas Leiva,33,84,84,"



Lazio
2017 ~ 2022

",176266,"5'10""",172lbs,Right,84,CDM,0,"Jul 18, 2017",N/A,€15M,€83K,€25.5M,338,63,62,72,82,59,358,77,74,47,81,79,359,62,58,77,82,80,365,77,81,80,61,66,378,83,87,66,81,61,86,247,82,84,81,37,10,8,8,5,6,2082,434,3 ★,3★,Medium,High,3 ★,60,66,76,78,83,71,"
65"
https://cdn.sofifa.com/players/168/435/21_60.png,Salvatore Sirigu,http://sofifa.com/player/168435/salvatore-sirigu/210005/,Italy,GK,S. Sirigu,33,84,84,"



Torino
2017 ~ 2022

",168435,"6'4""",176lbs,Right,84,GK,0,"Jun 27, 2017",N/A,€17M,€54K,€28.9M,69,13,10,11,23,12,83,15,11,11,28,18,287,50,51,52,79,55,239,57,68,34,66,14,138,34,20,10,55,19,62,38,14,11,13,406,84,80,76,84,82,1260,457,2 ★,1★,Medium,Medium,3 ★,84,80,76,82,51,84,"
27"
https://cdn.sofifa.com/players/163/587/21_60.png,Kasper Schmeichel,http://sofifa.com/player/163587/kasper-schmeichel/210005/,Denmark,GK,K. Schmeichel,33,84,84,"



Leicester City
2011 ~ 2023

",163587,"6'2""",196lbs,Right,84,GK,0,"Jun 1, 2011",N/A,€17M,€90K,€32.3M,105,18,12,16,44,15,126,12,13,15,46,40,297,50,58,61,81,47,234,62,60,34,64,14,153,35,20,13,59,26,67,41,14,14,13,410,82,77,83,79,89,1366,464,3 ★,1★,Medium,Medium,2 ★,82,77,83,89,54,79,"
91"
https://cdn.sofifa.com/players/146/536/21_60.png,Jesús Navas González,http://sofifa.com/player/146536/jesus-navas-gonzalez/210005/,Spain,RB RM,Jesús Navas,34,84,84,"



Sevilla FC
2017 ~ 2021

",146536,"5'8""",132lbs,Right,84,RB,0,"Jul 28, 2017",N/A,€11M,€43K,€23.1M,380,83,66,75,81,75,370,84,82,46,75,83,423,90,84,81,84,84,328,75,63,81,39,70,375,75,83,81,80,56,81,239,81,78,80,55,10,10,15,7,13,2170,456,2 ★,4★,High,Medium,2 ★,87,69,79,83,80,58,"
117"
https://cdn.sofifa.com/players/135/507/21_60.png,Fernando Luiz Rosa,http://sofifa.com/player/135507/fernando-luiz-rosa/210005/,Brazil,CB CDM,Fernandinho,35,84,84,"



Manchester City
2013 ~ 2021

",135507,"5'10""",148lbs,Right,84,CB,0,"Jul 1, 2013",N/A,€9.5M,€110K,€17.6M,364,68,66,71,86,73,381,76,70,72,81,82,363,67,62,69,88,77,399,83,84,78,76,78,380,87,89,70,73,61,81,257,88,86,83,48,12,11,5,13,7,2192,456,4 ★,3★,Medium,High,3 ★,64,72,78,78,85,79,"
80"
https://cdn.sofifa.com/players/239/053/21_60.png,Federico Valverde,http://sofifa.com/player/239053/federico-valverde/210005/,Uruguay,CM,F. Valverde,21,83,90,"



Real Madrid
2016 ~ 2025

",239053,"6'0""",172lbs,Right,84,CM,7,"Jul 22, 2016",N/A,€36M,€135K,€81M,350,66,70,59,85,70,381,79,70,66,84,82,400,82,89,76,84,69,385,80,59,86,79,81,377,81,81,76,80,59,82,235,79,80,76,45,6,10,6,15,8,2173,474,3 ★,3★,High,High,1 ★,86,74,78,79,77,80,"
365"
https://cdn.sofifa.com/players/235/212/21_60.png,Achraf Hakimi,http://sofifa.com/player/235212/achraf-hakimi/210005/,Morocco,RM,A. Hakimi,21,83,88,"



Inter
2020 ~ 2025

",235212,"5'11""",161lbs,Right,84,RM,5,"Sep 9, 2020",N/A,€35M,€92K,€62.1M,358,81,73,63,81,60,362,84,68,55,72,83,420,93,95,77,81,74,374,77,75,86,73,63,345,72,78,75,74,46,79,217,67,74,76,46,10,8,14,6,8,2122,470,2 ★,3★,High,Medium,1 ★,94,70,76,82,72,76,"
312"
https://cdn.sofifa.com/players/231/443/21_60.png,Ousmane Dembélé,http://sofifa.com/player/231443/ousmane-dembele/210005/,France,LW RW,O. Dembélé,23,83,89,"



FC Barcelona
2017 ~ 2022

",231443,"5'10""",148lbs,Left,85,LM,6,"Aug 28, 2017",N/A,€35.5M,€175K,€79.9M,353,81,75,43,78,76,395,89,82,64,76,84,433,93,92,89,78,81,336,83,58,68,51,76,318,54,36,77,76,75,80,105,42,30,33,49,6,6,14,10,13,1989,425,5 ★,5★,High,Medium,3 ★,92,77,77,87,36,56,"
286"
https://cdn.sofifa.com/players/230/666/21_60.png,Gabriel Fernando de Jesus,http://sofifa.com/player/230666/gabriel-fernando-de-jesus/210005/,Brazil,ST,Gabriel Jesus,23,83,87,"



Manchester City
2016 ~ 2023

",230666,"5'9""",161lbs,Right,85,ST,4,"Aug 3, 2016",N/A,€34.5M,€150K,€66.4M,382,66,85,77,77,77,368,86,76,54,66,86,438,87,83,91,87,90,379,81,78,79,65,76,344,73,32,87,77,75,81,111,53,30,28,48,13,8,6,6,15,2070,439,3 ★,4★,High,High,2 ★,85,82,72,87,42,71,"
157"
https://cdn.sofifa.com/players/230/481/21_60.png,Ronaldo Jailson Cabrais Petri,http://sofifa.com/player/230481/ronaldo-jailson-cabrais-petri/210005/,Brazil,CAM RM,Ronaldo Cabrais,28,83,83,"



Grêmio
2019 ~ 2023

",230481,"5'10""",165lbs,Right,84,RM,0,"Jan 1, 2019",N/A,€26M,€49K,€49.4M,380,83,74,64,83,76,414,85,86,78,82,83,418,90,87,86,84,71,385,82,69,88,68,78,344,62,40,82,83,77,81,92,24,35,33,65,12,12,13,15,13,2098,439,4 ★,4★,Medium,Low,1 ★,88,77,83,84,35,72,"
46"
https://cdn.sofifa.com/players/229/880/21_60.png,Aaron Wan-Bissaka,http://sofifa.com/player/229880/aaron-wan-bissaka/210005/,England,RB RWB,A. Wan-Bissaka,22,83,88,"



Manchester United
2019 ~ 2024

",229880,"6'0""",159lbs,Right,83,RB,5,"Jun 29, 2019",N/A,€30.5M,€115K,€60.2M,293,74,44,58,74,43,328,82,68,45,56,77,412,84,88,85,82,73,328,70,62,79,71,46,350,78,83,69,64,56,75,256,81,85,90,39,9,8,6,8,8,2006,440,2 ★,4★,Medium,High,1 ★,86,51,68,80,81,74,"
291"
https://cdn.sofifa.com/players/229/261/21_60.png,Denis Zakaria,http://sofifa.com/player/229261/denis-zakaria/210005/,Switzerland,CDM CB CM,D. Zakaria,23,83,87,"



Borussia Mönchengladbach
2017 ~ 2022

",229261,"6'3""",176lbs,Right,84,CDM,4,"Jul 1, 2017",N/A,€30.5M,€45K,€54.1M,319,68,66,67,83,35,344,78,64,46,76,80,382,81,85,68,84,64,369,74,65,80,87,63,349,89,81,65,76,38,84,248,84,84,80,55,12,12,7,13,11,2066,465,3 ★,3★,Medium,Medium,1 ★,83,64,75,77,81,85,"
454"
https://cdn.sofifa.com/players/228/618/21_60.png,Ferland Mendy,http://sofifa.com/player/228618/ferland-mendy/210005/,France,LB,F. Mendy,25,83,88,"



Real Madrid
2019 ~ 2025

",228618,"5'11""",161lbs,Left,83,LB,5,"Jul 1, 2019",N/A,€30.5M,€160K,€64.8M,343,78,63,72,80,50,343,80,72,35,78,78,423,91,92,80,82,78,378,69,78,88,79,64,365,82,79,80,75,49,78,238,77,81,80,51,7,16,9,10,9,2141,471,5 ★,4★,High,High,1 ★,92,64,76,79,78,82,"
245"
https://cdn.sofifa.com/players/227/928/21_60.png,Nélson Cabral Semedo,http://sofifa.com/player/227928/nelson-cabral-semedo/210005/,Portugal,RB,Nélson Semedo,26,83,86,"



Wolverhampton Wanderers
2020 ~ 2023

",227928,"5'10""",152lbs,Right,84,RWB,3,"Sep 23, 2020",N/A,€28M,€100K,€55.3M,302,76,50,58,76,42,319,82,61,30,65,81,434,91,93,87,82,81,371,74,79,92,66,60,334,81,81,72,62,38,79,238,77,81,80,64,16,12,10,14,12,2062,453,3 ★,4★,Medium,High,2 ★,92,57,69,82,77,76,"
137"
https://cdn.sofifa.com/players/225/953/21_60.png,Steven Bergwijn,http://sofifa.com/player/225953/steven-bergwijn/210005/,Netherlands,LM LW RM,S. Bergwijn,22,83,88,"



Tottenham Hotspur
2020 ~ 2025

",225953,"5'10""",172lbs,Right,84,CAM,5,"Jan 29, 2020",N/A,€34.5M,€105K,€68.1M,374,78,77,60,84,75,378,87,78,66,62,85,423,88,87,79,79,90,392,84,68,79,78,83,310,50,34,78,80,68,77,106,52,28,26,64,11,14,12,14,13,2047,440,2 ★,4★,High,Medium,2 ★,87,79,78,85,39,72,"
258"
https://cdn.sofifa.com/players/225/100/21_60.png,Joe Gomez,http://sofifa.com/player/225100/joe-gomez/210005/,England,CB,J. Gomez,23,83,88,"



Liverpool
2015 ~ 2024

",225100,"6'2""",170lbs,Right,84,CB,5,"Jun 20, 2015",N/A,€31M,€93K,€59.7M,271,69,26,74,78,24,275,67,41,29,65,73,377,78,85,65,83,66,300,41,76,74,83,26,302,81,84,51,60,26,74,250,83,85,82,49,8,13,14,7,7,1824,410,3 ★,3★,Medium,Medium,2 ★,82,30,66,69,83,80,"
233"
https://cdn.sofifa.com/players/224/334/21_60.png,Marcos Acuña,http://sofifa.com/player/224334/marcos-acuna/210005/,Argentina,LB LM,M. Acuña,28,83,83,"



Sevilla FC
2020 ~ 2024

",224334,"5'8""",152lbs,Left,83,LB,0,"Sep 14, 2020",N/A,€22M,€41K,€46.2M,359,87,66,57,81,68,415,87,88,75,78,87,407,77,75,82,83,90,396,82,63,90,80,81,401,84,78,81,82,76,87,240,79,82,79,62,8,14,13,13,14,2280,478,3 ★,4★,High,High,2 ★,76,74,82,86,78,82,"
91"
https://cdn.sofifa.com/players/222/665/21_60.png,Martin Ødegaard,http://sofifa.com/player/222665/martin-odegaard/210005/,Norway,CAM CM,M. Ødegaard,21,83,89,"



Real Madrid
2015 ~ 2023

",222665,"5'10""",150lbs,Left,85,CAM,6,"Apr 29, 2015",N/A,€36M,€135K,€81M,366,84,74,52,83,73,416,86,81,83,81,85,399,80,77,85,74,83,335,76,46,80,55,78,356,64,65,77,87,63,76,165,65,49,51,62,14,15,15,8,10,2099,443,2 ★,5★,Medium,Medium,3 ★,78,75,84,85,58,63,"
767"
https://cdn.sofifa.com/players/221/363/21_60.png,Donny van de Beek,http://sofifa.com/player/221363/donny-van-de-beek/210005/,Netherlands,CM CAM,D. van de Beek,23,83,87,"



Manchester United
2020 ~ 2025

",221363,"6'0""",163lbs,Right,85,CM,4,"Sep 2, 2020",N/A,€33M,€125K,€65.2M,377,67,79,69,82,80,383,76,78,65,79,85,367,67,73,72,85,70,402,83,71,92,76,80,377,75,73,84,82,63,85,214,72,74,68,51,7,12,8,10,14,2171,458,3 ★,3★,High,Medium,3 ★,70,80,78,78,72,80,"
288"
https://cdn.sofifa.com/players/221/087/21_60.png,Pau López Sabata,http://sofifa.com/player/221087/pau-lopez-sabata/210005/,Spain,GK,Pau López,25,83,88,"



Roma
2019 ~ 2024

",221087,"6'2""",170lbs,Left,83,GK,5,"Jul 10, 2019",N/A,€25.5M,€500,€55.5M,113,24,19,15,38,17,119,18,23,21,41,16,268,45,52,40,74,57,242,59,71,42,52,18,162,39,16,20,62,25,62,50,19,20,11,410,82,83,79,82,84,1364,459,3 ★,1★,Medium,Medium,1 ★,82,83,79,84,49,82,"
57"
https://cdn.sofifa.com/players/220/407/21_60.png,Martin Dúbravka,http://sofifa.com/player/220407/martin-dubravka/210005/,Slovakia,GK,M. Dúbravka,31,83,83,"



Newcastle United
2018 ~ 2025

",220407,"6'3""",176lbs,Right,83,GK,0,"Jun 9, 2018",N/A,€16.5M,€47K,€31.4M,93,12,10,12,48,11,127,19,15,13,45,35,277,49,44,47,77,60,253,61,75,40,60,17,140,28,25,12,55,20,59,48,19,15,14,408,79,80,81,82,86,1346,454,2 ★,1★,Medium,Medium,1 ★,79,80,81,86,46,82,"
38"
https://cdn.sofifa.com/players/219/693/21_60.png,Diego Carlos Santos Silva,http://sofifa.com/player/219693/diego-carlos-santos-silva/210005/,Brazil,CB,Diego Carlos,27,83,85,"



Sevilla FC
2019 ~ 2024

",219693,"6'1""",190lbs,Right,84,CB,2,"Jul 1, 2019",N/A,€27M,€39K,€58.7M,256,35,32,79,76,34,328,65,47,71,74,71,359,78,76,68,82,55,372,73,82,74,86,57,325,85,84,52,63,41,75,246,83,82,81,49,7,10,14,7,11,1935,419,4 ★,3★,Medium,High,2 ★,77,47,63,67,82,83,"
170"
https://cdn.sofifa.com/players/216/594/21_60.png,Nabil Fekir,http://sofifa.com/player/216594/nabil-fekir/210005/,France,CAM RM ST,N. Fekir,26,83,84,"



Real Betis
2019 ~ 2023

",216594,"5'8""",165lbs,Left,84,CAM,1,"Jul 23, 2019",N/A,€30.5M,€38K,€66.3M,371,79,82,49,84,77,414,88,83,79,77,87,410,80,79,81,79,91,391,84,64,79,81,83,352,79,34,83,82,74,89,106,34,42,30,61,15,9,8,14,15,2105,446,4 ★,4★,High,Medium,3 ★,79,82,81,87,38,79,"
108"
https://cdn.sofifa.com/players/216/547/21_60.png,Rafael A. Ferreira Silva,http://sofifa.com/player/216547/rafael-a-ferreira-silva/210005/,Portugal,LM RM,Rafa,27,83,83,"



SL Benfica
2016 ~ 2024

",216547,"5'8""",146lbs,Right,83,LM,0,"Aug 31, 2016",N/A,€27M,€23K,€54M,343,78,74,46,77,68,369,88,78,56,62,85,449,93,94,90,83,89,327,75,64,77,40,71,325,47,58,83,78,59,81,138,52,47,39,51,9,11,11,12,8,2002,430,3 ★,4★,High,Medium,2 ★,94,73,74,87,50,52,"
115"
https://cdn.sofifa.com/players/215/333/21_60.png,Duván Zapata,http://sofifa.com/player/215333/duvan-zapata/210005/,Colombia,ST,D. Zapata,29,83,83,"



Atalanta
2020 ~ 2023

",215333,"6'2""",194lbs,Right,83,ST,0,"Jan 17, 2020",N/A,€26M,€87K,€44.2M,367,44,88,83,75,77,317,79,48,62,47,81,359,72,78,67,82,60,394,86,79,72,93,64,307,72,20,86,59,70,82,98,52,24,22,40,9,9,8,6,8,1882,413,4 ★,3★,High,Medium,2 ★,75,81,59,78,37,83,"
123"
https://cdn.sofifa.com/players/212/151/21_60.png,Thomas Strakosha,http://sofifa.com/player/212151/thomas-strakosha/210005/,Albania,GK,T. Strakosha,25,83,88,"



Lazio
2012 ~ 2022

",212151,"6'4""",172lbs,Right,83,GK,5,"Aug 9, 2012",N/A,€25.5M,€57K,€45.3M,84,18,18,11,26,11,77,14,14,12,22,15,257,41,46,45,78,47,215,56,56,23,66,14,132,20,24,18,49,21,61,50,20,18,12,409,86,79,75,81,88,1224,453,2 ★,1★,Medium,Medium,1 ★,86,79,75,88,44,81,"
90"
https://cdn.sofifa.com/players/211/688/21_60.png,José Luís Gayà Peña,http://sofifa.com/player/211688/jose-luis-gaya-pena/210005/,Spain,LB,Gayà,25,83,88,"



Valencia CF
2012 ~ 2023

",211688,"5'8""",146lbs,Left,84,LWB,5,"Sep 13, 2012",N/A,€30.5M,€46K,€66.3M,340,81,61,58,82,58,365,79,80,49,75,82,410,81,86,81,83,79,321,62,53,84,63,59,360,76,80,77,75,52,76,245,79,82,84,53,13,10,9,12,9,2094,452,3 ★,4★,High,Medium,2 ★,84,61,78,80,79,70,"
142"
https://cdn.sofifa.com/players/211/117/21_60.png,Dele Alli,http://sofifa.com/player/211117/dele-alli/210005/,England,CAM CM,D. Alli,24,83,87,"



Tottenham Hotspur
2015 ~ 2024

",211117,"6'2""",176lbs,Right,86,CAM,4,"Feb 2, 2015",N/A,€34M,€105K,€67.2M,393,68,82,81,83,79,393,84,75,68,81,85,371,68,76,75,84,68,390,78,71,89,73,79,399,81,72,86,84,76,87,203,70,70,63,41,7,6,9,11,8,2190,464,3 ★,4★,High,High,3 ★,72,80,79,83,71,79,"
149"
https://cdn.sofifa.com/players/210/514/21_60.png,João Pedro Cavaco Cancelo,http://sofifa.com/player/210514/joao-pedro-cavaco-cancelo/210005/,Portugal,RB,João Cancelo,26,83,86,"



Manchester City
2019 ~ 2025

",210514,"6'0""",163lbs,Right,84,RWB,3,"Aug 7, 2019",N/A,€28M,€140K,€53.9M,352,83,58,68,81,62,395,85,82,69,75,84,409,87,85,78,81,78,369,80,72,89,60,68,351,73,76,78,78,46,82,238,78,80,80,58,6,9,15,14,14,2172,460,3 ★,4★,High,Medium,2 ★,86,65,79,83,77,70,"
117"
https://cdn.sofifa.com/players/210/413/21_60.png,Alessio Romagnoli,http://sofifa.com/player/210413/alessio-romagnoli/210005/,Italy,CB,A. Romagnoli,25,83,87,"



Milan
